OriginalPN,Manufacturer,Description,Comments,Price,Author,Date,,WAGOCrossA,DescriptionA,CommentA,WAGOCrossB,DescriptionB,CommentB
1492-J2Q,Allen Bradley,1-1/2 mm² Standard Terminal Block,,,Caleb Page,2022,,2002-1401,"4-conductor through terminal block; 2.5 mm²; suitable for Ex e II applications; side and center marking; for DIN-rail 35 x 15 and 35 x 7.5; Push-in CAGE CLAMP®; 2,50 mm²; gray",,,"4-conductor through terminal block; 2.5 mm²; suitable for Ex e II applications; side and center marking; for DIN-rail 35 x 15 and 35 x 7.5; Push-in CAGE CLAMP®; 2,50 mm²; gray",
1492-J3,Allen Bradley,1/2 mm² Standard Terminal Block,,,Caleb Page,2022,,2002-1201,"2-conductor through terminal block; 2.5 mm²; suitable for Ex e II applications; side and center marking; for DIN-rail 35 x 15 and 35 x 7.5; Push-in CAGE CLAMP®; 2,50 mm²; gray",,,"2-conductor through terminal block; 2.5 mm²; suitable for Ex e II applications; side and center marking; for DIN-rail 35 x 15 and 35 x 7.5; Push-in CAGE CLAMP®; 2,50 mm²; gray",
1492-JD3,Allen Bradley,2-1/2 mm² Standard Terminal Block,,,Caleb Page,2022,,2002-2201,"Double-deck terminal block; Through/through terminal block; L/L; without marker carrier; suitable for Ex e II applications; for DIN-rail 35 x 15 and 35 x 7.5; 2.5 mm²; Push-in CAGE CLAMP®; 2,50 mm²; gray",,,"Double-deck terminal block; Through/through terminal block; L/L; without marker carrier; suitable for Ex e II applications; for DIN-rail 35 x 15 and 35 x 7.5; 2.5 mm²; Push-in CAGE CLAMP®; 2,50 mm²; gray",
1492-JG2Q,Allen Bradley,1-1/2 mm² Ground Terminal Block,,,Caleb Page,2022,,2002-1207,"2-conductor ground terminal block; 2.5 mm²; suitable for Ex e II applications; side and center marking; for DIN-rail 35 x 15 and 35 x 7.5; Push-in CAGE CLAMP®; 2,50 mm²; green-yellow",,,"2-conductor ground terminal block; 2.5 mm²; suitable for Ex e II applications; side and center marking; for DIN-rail 35 x 15 and 35 x 7.5; Push-in CAGE CLAMP®; 2,50 mm²; green-yellow",
1492-L2Q,Allen Bradley,IEC Terminal Block 35 x 75 x 295 mm Spring Clamp,,,Caleb Page,2022,,2002-1401,"4-conductor through terminal block; 2.5 mm²; suitable for Ex e II applications; side and center marking; for DIN-rail 35 x 15 and 35 x 7.5; Push-in CAGE CLAMP®; 2,50 mm²; gray",,,"4-conductor through terminal block; 2.5 mm²; suitable for Ex e II applications; side and center marking; for DIN-rail 35 x 15 and 35 x 7.5; Push-in CAGE CLAMP®; 2,50 mm²; gray",
1492-L3Q,Allen Bradley,"2-1/2 mm² Standard Terminal Block One-circuit Feed-through Block, 2 Connection Points On Each Side, 2.5mm Max. Wire, Gray,pk",,,Caleb Page,2022,,2002-1401,"4-conductor through terminal block; 2.5 mm²; suitable for Ex e II applications; side and center marking; for DIN-rail 35 x 15 and 35 x 7.5; Push-in CAGE CLAMP®; 2,50 mm²; gray",,,"4-conductor through terminal block; 2.5 mm²; suitable for Ex e II applications; side and center marking; for DIN-rail 35 x 15 and 35 x 7.5; Push-in CAGE CLAMP®; 2,50 mm²; gray",
1492-LG3Q,Allen Bradley,"2-1/2 mm² Ground Terminal Block One-circuit Feed-through Ground Block, 2 Connection Points On Each Side, 2.5mm Max. Wire, Green/yellow,pkg",,,Caleb Page,2022,,2002-1407,"4-conductor ground terminal block; 2.5 mm²; suitable for Ex e II applications; side and center marking; for DIN-rail 35 x 15 and 35 x 7.5; Push-in CAGE CLAMP®; 2,50 mm²; green-yellow",,,"4-conductor ground terminal block; 2.5 mm²; suitable for Ex e II applications; side and center marking; for DIN-rail 35 x 15 and 35 x 7.5; Push-in CAGE CLAMP®; 2,50 mm²; green-yellow",
1492-LMJ3,Allen Bradley,"1492-LMJ3 2-1/2 mm² Miniature Terminal Block Mini Rail Mount, Feed-through Block With Jumper Capability, 2.5mm Max. Wire, Gray,",,,Caleb Page,2022,,280-101,"2-conductor through terminal block; 2.5 mm²; lateral marker slots; for DIN-rail 35 x 15 and 35 x 7.5; CAGE CLAMP®; 2,50 mm²; gray",,,"2-conductor through terminal block; 2.5 mm²; lateral marker slots; for DIN-rail 35 x 15 and 35 x 7.5; CAGE CLAMP®; 2,50 mm²; gray",
1492-WTS3,Allen Bradley,"2-1/2 mm² Sensor Terminal Block Iec Triple Circuit Sensor Block, Standard Feedthrough, 2.5mm Max. Wire , Gray,pkg",,,Caleb Page,2022,,280-560,"3-conductor sensor terminal block; with colored conductor entries; 2.5 mm²; CAGE CLAMP®; 2,50 mm²; gray",,,"3-conductor sensor terminal block; with colored conductor entries; 2.5 mm²; CAGE CLAMP®; 2,50 mm²; gray",
1492-W4,Allen Bradley,Terminal Blocks,,,Caleb Page,2022,,2016-1201,"2-conductor through terminal block; 16 mm²; suitable for Ex e II applications; side and center marking; for DIN-rail 35 x 15 and 35 x 7.5; Push-in CAGE CLAMP®; 16,00 mm²; gray",,,"20-6 AWG, 600V, 30A",
1492-MS6X12,Allen Bradley,Marking Card (84),,,Caleb Page,2022,,2009-110 or 2009-115,,,,Marking Strip or Marking Card,
1492-SJ6-10,Allen Bradley,Insulated Side Jumper,,,Caleb Page,2022,,2016-405,Push-in type jumper bar; insulated; 5-way; Nominal current 76 A; light gray,,,Insulated Jumper 5-way,
1492-GM35,Allen Bradley,Group Marking Carrier,,,Caleb Page,2022,,2009-191,Group marker carrier,,,Group marker carrier; gray,
1492-H,Allen Bradley,Fuseblocks,,,Caleb Page,2022,,2002-1611/1000-542,"2-conductor fuse terminal block; with pivoting fuse holder; with end plate; for 5 x 20 mm miniature metric fuse; with blown fuse indication by LED; 30 - 65 V; for DIN-rail 35 x 15 and 35 x 7.5; 2.5 mm²; Push-in CAGE CLAMP®; 2,50 mm²; gray",,,"2-conductor fuse terminal block; with pivoting fuse holder; with end plate; for 5 x 20 mm miniature metric fuse; with blown fuse indication by LED; 30 - 65 V; for DIN-rail 35 x 15 and 35 x 7.5; 2.5 mm²; Push-in CAGE CLAMP®; 2,50 mm²; gray",
1492-MR8X12,Allen Bradley,Marking Card,,,Caleb Page,2022,,2009-110,Marking strips; on reel; not stretchable; plain; snap-on type; white,,2009-115,Marking Strip,
1492-GH150,Allen Bradley,15A High Density Circuit Breaker,,,Caleb Page,2022,,2006-1681/1000-434,"2-conductor fuse terminal block; for automotive blade-style fuses; with test option; with blown fuse indication by LED; 24 V; for DIN-rail 35 x 15 and 35 x 7.5; 6 mm²; Push-in CAGE CLAMP®; 6,00 mm²; gray",,8001-025/K050-0613/002-6500,"2-conductor fuse terminal block; for automotive blade-style fuses; with test option; with blown fuse indication by LED; 24 V; for DIN-rail 35 x 15 and 35 x 7.5; 6 mm²; Push-in CAGE CLAMP®; 6,00 mm²; gray",
1492-GH100,Allen Bradley,10A High Density Circuit Breaker,,,Caleb Page,2022,,2006-1681/1000-434,"2-conductor fuse terminal block; for automotive blade-style fuses; with test option; with blown fuse indication by LED; 24 V; for DIN-rail 35 x 15 and 35 x 7.5; 6 mm²; Push-in CAGE CLAMP®; 6,00 mm²; gray",,8001-025/K050-0613/002-1300,"2-conductor fuse terminal block; for automotive blade-style fuses; with test option; with blown fuse indication by LED; 24 V; for DIN-rail 35 x 15 and 35 x 7.5; 6 mm²; Push-in CAGE CLAMP®; 6,00 mm²; gray",
1492-GH050,Allen Bradley,5A High Density Circuit Breaker,,,Caleb Page,2022,,2006-1681/1000-434,"2-conductor fuse terminal block; for automotive blade-style fuses; with test option; with blown fuse indication by LED; 24 V; for DIN-rail 35 x 15 and 35 x 7.5; 6 mm²; Push-in CAGE CLAMP®; 6,00 mm²; gray",,8001-025/K050-0613/002-1000,"2-conductor fuse terminal block; for automotive blade-style fuses; with test option; with blown fuse indication by LED; 24 V; for DIN-rail 35 x 15 and 35 x 7.5; 6 mm²; Push-in CAGE CLAMP®; 6,00 mm²; gray",
1492-EAHJ35,Allen Bradley,End Anchor,,,Caleb Page,2022,,249-116,Screwless end stop; 6 mm wide; for DIN-rail 35 x 15 and 35 x 7.5; gray,,,Screwless end stop; 6 mm wide; for DIN-rail 35 x 15 and 35 x 7.5; gray,
1492-DR6,Allen Bradley,Raised DIN Rail,,,Caleb Page,2022,,210-112,"Steel carrier rail; 35 x 7.5 mm; 1 mm thick; 2 m long; slotted; according to EN 60715; ""Hole width 25 mm",,,"Steel carrier rail; 35 x 7.5 mm; 1 mm thick; 2 m long; slotted; according to EN 60715; ""Hole width 25 mm",
1492-JG6,Allen Bradley,Grounding Terminal Block,,,Caleb Page,2022,,2002-1207,"2-conductor ground terminal block; 2.5 mm²; suitable for Ex e II applications; side and center marking; for DIN-rail 35 x 15 and 35 x 7.5; Push-in CAGE CLAMP®; 2,50 mm²; green-yellow",,,"2-conductor ground terminal block; 2.5 mm²; suitable for Ex e II applications; side and center marking; for DIN-rail 35 x 15 and 35 x 7.5; Push-in CAGE CLAMP®; 2,50 mm²; green-yellow",
1492-ERL35,Allen Bradley,End Anchor,,,Caleb Page,2022,,2002-1292,End and intermediate plate; 0.8 mm thick; orange,,,End and intermediate plate; 0.8 mm thick; orange,
1492-REC20G,Allen Bradley,2-Gang Receptacle w Gnd Flt,,,Caleb Page,2022,,8000-100/1000-362,Bulkhead Interface Port 15A GFCI_RJ45 CAT6,,,BULKHEAD INTERFACE PORT 15A GFCI_RJ45 CAT6,
20-24-100C,Sola,"Sola Power Supply, Redundant, 24VDC, 20A (or equal from your line card)",,,Caleb Page,2022,,2787-2147,Power supply; Pro 2; 1-phase; 24 VDC output voltage; 20 A output current; TopBoost + PowerBoost; communication capability,,,Power supply; Pro 2; 1-phase; 24 VDC output voltage; 20 A output current; TopBoost + PowerBoost; communication capability,
30/40,Sola,Sola 24VDC Power Supply Redundancy Module,,,Caleb Page,2022,,787-785,Redundancy Module; 2 x 9 … 54 VDC input voltage; 2 x 40 A input current; 9–54 VDC output voltage; 40 A output current,,,Redundancy Module; 2 x 9 … 54 VDC input voltage; 2 x 40 A input current; 9–54 VDC output voltage; 40 A output current,
3244410,Phoenix Contact,"Sensor/actuator terminal block, nom. voltage: 250 V, nominal current: 13.5 A, connection method: Push-in connection, Rated cross section: 1.5 mm2, cross section: 0.14 mm2 - 1.5 mm2, mounting type: NS 35/7,5, NS 35/15, color: gray",,2.41,Caleb Page,2022,,2000-5311,"3-conductor sensor terminal block; for PNP (positive) switching sensors; with colored conductor entries; 1 mm²; Push-in CAGE CLAMP®; 1,00 mm²; gray",,,"2-conductor through terminal block; 2.5 mm²; suitable for Ex e II applications; side and center marking; for DIN-rail 35 x 15 and 35 x 7.5; Push-in CAGE CLAMP®; 2,50 mm²; gray",
3209510,Phoenix Contact,"Feed-through terminal block, nom. voltage: 800 V, nominal current: 24 A, connection method: Push-in connection, 1 level, Rated cross section: 2.5 mm2, cross section: 0.14 mm2 - 4 mm2, mounting type: NS 35/7,5, NS 35/15, color: gray",,,Caleb Page,2022,,2002-1201,"2-conductor through terminal block; 2.5 mm²; suitable for Ex e II applications; side and center marking; for DIN-rail 35 x 15 and 35 x 7.5; Push-in CAGE CLAMP®; 2,50 mm²; gray",,,"Double-deck terminal block; Through/through terminal block; L/L; without marker carrier; suitable for Ex e II applications; for DIN-rail 35 x 15 and 35 x 7.5; 2.5 mm²; Push-in CAGE CLAMP®; 2,50 mm²; gray",
3208511,Phoenix Contact,"Double-level terminal block, nom. voltage: 500 V, nominal current: 16 A, connection method: Push-in connection, 1st and 2nd level, Rated cross section: 1.5 mm2, cross section: 0.14 mm2 - 1.5 mm2, mounting type: NS 35/7,5, NS 35/15, color: gray",,1.88,Caleb Page,2022,,2002-2201,"Double-deck terminal block; Through/through terminal block; L/L; without marker carrier; suitable for Ex e II applications; for DIN-rail 35 x 15 and 35 x 7.5; 2.5 mm²; Push-in CAGE CLAMP®; 2,50 mm²; gray",,,"4-conductor through terminal block; 2.5 mm²; suitable for Ex e II applications; side and center marking; for DIN-rail 35 x 15 and 35 x 7.5; Push-in CAGE CLAMP®; 2,50 mm²; gray",
3209578,Phoenix Contact,"Feed-through terminal block, nom. voltage: 800 V, nominal current: 24 A, connection method: Push-in connection, 1 level, Rated cross section: 2.5 mm2, cross section: 0.14 mm2 - 4 mm2, mounting type: NS 35/7,5, NS 35/15, color: gray",,,Caleb Page,2022,,2002-1401,"4-conductor through terminal block; 2.5 mm²; suitable for Ex e II applications; side and center marking; for DIN-rail 35 x 15 and 35 x 7.5; Push-in CAGE CLAMP®; 2,50 mm²; gray",,,"4-conductor through terminal block; 2.5 mm²; suitable for Ex e II applications; side and center marking; for DIN-rail 35 x 15 and 35 x 7.5; Push-in CAGE CLAMP®; 2,50 mm²; gray",
5069-AENTR,Allen Bradley,Allen Bradley 5069-AENTR Compact IO Ethernet Adapter,,,Caleb Page,2022,,750-363,"FC EtherNet/IP G4 ECO, 1 pcs.",,,,
1734-4IOL,Allen Bradley,Allen Bradley 1734-4IOL IO-LINK MASTER CARD; 4 CHANNELS,,,Caleb Page,2022,,750-657,IO-Link Master; light gray,,,,
1734-IB8S,Allen Bradley,Allen Bradley 1734-IB8S Input Module,,,Caleb Page,2022,,No Cross,,,,,
1734-OB8S,Allen Bradley,Allen Bradley 1734-OB8S Output Module,,,Caleb Page,2022,,No Cross,,,,,
EDS-316-MM-ST,Moxa,MOXA EDS-316-MM-ST 16 PORT UNMANGED SWITCH,,,Caleb Page,2022,,852-1106/010-000,"Industrial-Switch, 16Port Gb, black metallic",,,,
1606-XLS240E,Allen Bradley,Allen Bradley 1606-XLS240E Power supply,,,Caleb Page,2022,,2787-2146,Power supply; Pro 2; 1-phase; 24 VDC output voltage; 10 A output current; TopBoost + PowerBoost; communication capability,,,,
1606-XLS960E-3,Allen Bradley,Allen Bradley 1606-XLS960E-3 Power Supply,,,Caleb Page,2022,,2787-2448,Power supply; Pro 2; 1-phase; 24 VDC output voltage; 40 A output current; TopBoost + PowerBoost; communication capability; Input voltage range: 200 … 240 VAC,,,,
6GK52160BA002AC2,Siemens,Siemens 6GK52160BA002AC2 SCALANCE MANAGED 2 LAYER SWITCH,,,Caleb Page,2022,,852-303,Industrial-Managed-Switch; 8-port 100Base-TX; 2-Slot 1000BASE-SX/LX; metallic black,,,,
6ES7136-6BA00-0CA0,Siemens,Siemens 6ES7136-6BA00-0CA0 SAFETY INPUT CARD 8XI,,,Caleb Page,2022,,753-662/000-003,Fail-safe 8-channel digital input; 24 VDC; PROFIsafe V2.0 iPar,,,,
6ES7136-6DB00-0CA0,Siemens,Siemens 6ES7136-6DB00-0CA0 Safety output card,,,Caleb Page,2022,,750-665/000-001,Fail-safe 4/4 channel digital input/output; 24 VDC; 0.5 A; PROFIsafe; yellow,,,,
6ES7132-6BH01-0BA0,Siemens,Siemens 6ES7132-6BH01-0BA0 DIGITAL OUTPUT MODULE DQ 16X 24V,,,Caleb Page,2022,,750-1504,16-channel digital output; 24 VDC; 0.5 A; light gray,,750-530,,
AL2323,IFM,Ifm AL2323 IO-Link input/output module,,,Caleb Page,2022,,765-1706/200-000,16-channel digital input/output; IO Link Class B Hub; DC 24 V / 2.0 A; 8xM12 connection; HubLine,,,,
AL2401,IFM,Ifm AL2401 IO Block,,,Caleb Page,2022,,765-1706/200-000,16-channel digital input/output; IO Link Class B Hub; DC 24 V / 2.0 A; 8xM12 connection; HubLine,,,,
AL1122,IFM,Ifm AL1122 8 PORT IO-LINK MASTER,,,Caleb Page,2022,,765-4501/100-000,8-Port-IO Link Master Class A; EtherNet/IP; DC 24 V / 2.0 A; 8xM12 connection; WideLine,,765-4502/100-000,8-Port-IO Link Master Class B; EtherNet/IP; DC 24 V / 2.0 A; 8xM12 connection; WideLine,
E11551,IFM,Ifm E11551 WIRABLE PLUG  4 PIN,,,Caleb Page,2022,,No Cross,,,,,
AL1202,IFM,Ifm AL1202 IO-LINK MASTER WITH PROFINET INTERFACE,,,Caleb Page,2022,,765-4101/100-000,8-Port-IO Link Master Class A; Profinet; DC 24 V / 2.0 A; 8xM12 connection; WideLine,,,,
1756-IB32,Allen Bradley,"I/O Module, Digital DC Input, 32 Channel, 24VDC",,,Caleb Page,2022,,750-1405,16-channel digital input; 24 VDC; 3 ms; light gray,,750-430,16-channel digital input; 24 VDC; 3 ms,
1756-IB16S,Allen Bradley,"I/O Module, ControlLogix, Digital DC Input, 16 Channel, Sinking Safety Input Module",,,Caleb Page,2022,,No CIP Safety Modules Available,,,,,
1756-OB32,Allen Bradley,"I/O Module, Digital Output, 32 Channel, 12/24VDC, Current Source",,,Caleb Page,2022,,750-1504,16-channel digital output; 24 VDC; 0.5 A; light gray,,750-530,16-channel digital output; 24 VDC; 0.5 A,
1756-OB16S,Allen Bradley,"I/O Module, Safety, 16 Digital Outputs, Sourcing, 24VDC, 100mA",,,Caleb Page,2022,,No CIP Safety Modules Available,,,,,
25B-D010N104,Allen Bradley,"Drive, Variable, 380-480VAC, 4kW, 5HP, 10.5A, Normal & Heavy Duty",,,Caleb Page,2022,,No Drives Available,,,,,
25B-D013N104,Allen Bradley,"Drive, Variable, 380-480VAC, 5.5kW, 7.5HP, 13A, Normal & Heavy Duty",,,Caleb Page,2022,,No Drives Available,,,,,
25B-D017N104,Allen Bradley,"Drive, Variable, 380-480VAC, 7.5kW, 10HP, 17A, Normal & Heavy Duty",,,Caleb Page,2022,,No Drives Available,,,,,
25B-D024N104,Allen Bradley,"Drive, Variable, 380-480VAC, 11kW, 15HP, 24A, Normal & Heavy Duty",,,Caleb Page,2022,,No Drives Available,,,,,
25B-D037N114,Allen Bradley,"Drive, Variable, 380-480VAC, 18.5kW, 25HP, 37A, Normal & Heavy Duty",,,Caleb Page,2022,,No Drives Available,,,,,
25B-D2P3N104,Allen Bradley,"Drive, Variable, 380-480VAC, 0.75kW, 1HP, 2.3A, Normal & Heavy Duty",,,Caleb Page,2022,,No Drives Available,,,,,
25B-D4P0N104,Allen Bradley,"Drive, Variable, 380-480VAC, 1.5kW, 2HP, 4A, Normal & Heavy Duty",,,Caleb Page,2022,,No Drives Available,,,,,
25B-D6P0N104,Allen Bradley,"Drive, Variable, 380-480VAC, 2.2kW, 3HP, 6A, Normal & Heavy Duty",,,Caleb Page,2022,,No Drives Available,,,,,
2TLA050204R1332,Jokab,"Safety Safety Rope Switch, LineStrong3D Series",,,Caleb Page,2022,,No Cross,,,,,
2TLA050206R1332,Jokab,"Safety Safety Rope Switch, LineStrong3L Series",,,Caleb Page,2022,,No Cross,,,,,
2TLA050208R1332,Jokab,"Safety Safety Rope Switch, LineStrong3R Series",,,Caleb Page,2022,,No Cross,,,,,
B-TL70-5,Banner,TL70 SERIES 70MM MODULAR TOWER LIGHT,,,Caleb Page,2022,,No Cross,,,,,
B-TL70-T,Banner,TL70 SERIES 70MM MODULAR TOWER LIGHT,,,Caleb Page,2022,,No Cross,,,,,
Q5ZKLAF5000-Q8 - SPRING,Banner,"Q5X SERIES HIGH POWER, MULTI-PURPOSE PHOTOELECTRIC SENSOR",,,Caleb Page,2022,,No Wago Sensors,,,,,
QS18VP6LPQ5,Banner,QS18 SERIES ALL PURPOSE PHOTOELECTRIC SENSOR,,,Caleb Page,2022,,No Wago Sensors,,,,,
QS18EK6DQ5,Banner,QS18 SERIES ALL PURPOSE PHOTOELECTRIC SENSOR,,,Caleb Page,2022,,No Wago Sensors,,,,,
QS18VP6LLPQ5,Banner,QS18 SERIES ALL PURPOSE PHOTOELECTRIC SENSOR,,,Caleb Page,2022,,No Wago Sensors,,,,,
TBEN-L4-16DXP,Turck,"PROFINET, Ethernet/IP, or Modbus TCP Slave - 16 Universal Digital Channels, Configurable as PNP Inputs or 2 A Outputs",,,Caleb Page,2022,,765-1502/100-000,16-channel digital input/output; EtherNet/IP; DC 24 V / 2.0 A; 8xM12 connection; WideLine,,765-1102/100-000,16-channel digital input/output; EtherNet/IP; DC 24 V / 2.0 A; 8xM12 connection; WideLine,
TBIP-L4-4FDI-4FDX,Turck,Block Module for EtherNet/IP and CIP Safety,,,Caleb Page,2022,,No CIP Safety Product Available,,,765-1504/100-000,,
716TX,Red Lion,Managed Industrial Ethernet Switch; Sixteen 10/100BaseTX RJ-45 Ports;  -40C to 70C Operating Temperature,,,Caleb Page,2022,,852-303,Industrial-Managed-Switch; 8-port 100Base-TX; 2-Slot 1000BASE-SX/LX; metallic black,,852-1812/010-000,Industrial managed switch; 8 - 10/100 Mb/s RJ45 ports; 2 - 1000 Mb/s Fiber Optic ports,
708TX,Red Lion,Managed Industrial Ethernet Switch; Eight 10/100BaseTX RJ-45 Ports; -40C to 85C Operating temperature,,,Caleb Page,2022,,852-303,Industrial-Managed-Switch; 8-port 100Base-TX; 2-Slot 1000BASE-SX/LX; metallic black,,852-1812/010-000,Industrial managed switch; 8 - 10/100 Mb/s RJ45 ports; 2 - 1000 Mb/s Fiber Optic ports,
2903155,Phoenix,Power Supply;	Input: 3-phase 400-500 VAC; Output: 24VDC 20A,,,Caleb Page,2022,,787-2742,Power supply unit; Eco; 3-phase; 24 VDC output voltage; 20 A output current; DC OK contact,,2787-2347,Power supply; Pro 2; 3-phase; 24 VDC output voltage; 20 A output current; TopBoost + PowerBoost; communication capability,
2903156,Phoenix,Power Supply;	Input: 3-phase 400-500 VAC; Output: 24VDC 40A,,,Caleb Page,2022,,2787-2348,Power supply; Pro 2; 3-phase; 24 VDC output voltage; 40 A output current; TopBoost + PowerBoost; communication capability,,787-1644,Power supply; Pro 2; 3-phase; 24 VDC output voltage; 40 A output current; TopBoost + PowerBoost; communication capability,
2905744,Phoenix,Electronic Circuit Breaker; 8-Channel; Rated current IN: 0.5 / 1 / 2 / 4 / 6 / 10 A DC (adjustable per output channel),,,Caleb Page,2022,,787-1668,"Electronic circuit breaker; 8-channel; 24 VDC input voltage; adjustable 2 … 10 A; communication capability; 10,00 mm²",,787-1668/006-1000,Electronic circuit breaker; 8-channel; 24 VDC; 2 ... 10 A,
700-HN222,Allen Bradley,Socket Relay; Coil Voltage: 110VDC; 8A; DPDT,,,Caleb Page,2022,,788-515,"Relay module; Nominal input voltage: 115 VAC; 2 changeover contacts; Limiting continuous current: 8 A; Red status indicator; Module width: 15 mm; 2,50 mm²; gray",,,"Relay module; Nominal input voltage: 115 VAC; 2 changeover contacts; Limiting continuous current: 8 A; Red status indicator; Module width: 15 mm; 2,50 mm²; gray",
700-HK32A1-4,Allen Bradley,"GP Slim Line Relay,120V 50/60Hz,Standard Contacts,2 Changeover Contact(DPDT)8A,Pilot Light",,,Caleb Page,2022,,788-176,Basic relay; Nominal input voltage: 115 VAC; 2 changeover contacts; Limiting continuous current: 8 A; Module width: 13 mm; Module height: 15 mm,,,Basic relay; Nominal input voltage: 115 VAC; 2 changeover contacts; Limiting continuous current: 8 A; Module width: 13 mm; Module height: 15 mm,
RXM4AB2F7,Schneider Electric,"Zelio, RXM, miniature plugin relay, 4 C/O, 6 A, 120 VAC, with LED",,,Caleb Page,2022,,858-507,Relay module; Nominal input voltage: 115 VAC; 4 changeover contacts; Limiting continuous current: 5 A; with manual operation; Red status indicator; Module width: 31 mm,,857-357,Relay module; Nominal input voltage: 115 VAC; 4 changeover contacts; Limiting continuous current: 5 A; with manual operation; Red status indicator; Module width: 31 mm,
RXM4AB2BD,Schneider Electric,"Harmony, Miniature plug-in relay, 6 A, 4 CO, with LED, with lockable test button, 24 V DC",,,Caleb Page,2022,,858-390,"Relay module; Nominal input voltage: 24 VDC; 4 changeover contacts; Limiting continuous current: 6 A; with manual operation; Red status indicator; Module width: 31 mm; 1,50 mm²",,857-304,"Relay module; Nominal input voltage: 24 VDC; 4 changeover contacts; Limiting continuous current: 6 A; with manual operation; Red status indicator; Module width: 31 mm; 1,50 mm²",
CSD42368,Hoffman,Wall Mount Enclosure (42 H x 36 W x 8 in) (1067H x 914W x 203 D in),,,Caleb Page,2022,,No Cross,,,,,
CP4236,Hoffman,Enclosure Back Plate,,,Caleb Page,2022,,No Cross,,,,,
EA9-T10WCL,C-More,"10"" HMI Touch Panel ",,,Caleb Page,2022,,762-5304/8000-002,"Touch Panel 600; 25.7 cm (10.1""); 1280 x 800 pixels; 2 x ETHERNET, 2 x USB, CAN, DI/DO, RS-232/485, Audio; Control Panel",,762-4304/8000-002,"Advanced Line; 10.1"" (25.7 cm); 1280 x 800 pixels; 2 x ETHERNET, 2 x USB, CAN, DI/DO, RS-232/485, Audio; Control Panel",
16170070,WERMA,110dB Audible Signal Horn,,,Caleb Page,2022,,No Cross,,,,,
194E-E25-1753,Allen Bradley,Disconnect Switch,,,Caleb Page,2022,,No Cross,,,,,
194L-HE6N-175,Allen Bradley,Disconnect Switch Handle,,,Caleb Page,2022,,No Cross,,,,,
SE2-SW5U,Stride,Unmanaged Ethernet Switch,,83,Caleb Page,2022,,852-111/000-001,Industrial unmanaged ECO Switch; 5-port 100Base-TX; black,,852-101,Industrial unmanaged ECO Switch; 5-port 100Base-TX; black,
SE-SL3011,Stride,VPN Router Wired Internet,,,Caleb Page,2022,,No cross compatible with phones.,,,,,
PSV24-120S,Rhino,"RHINO PSV series switching power supply, 22-28 VDC output, 5A, 120W, 120/240 VAC or 120-375 VDC nominal input, 1-phase, enclosed, metal housing, 35mm DIN rail mount, screw terminals.",,58,Caleb Page,2022,,2787-2144,Power supply; Pro 2; 1-phase; 24 VDC output voltage; 5 A output current; TopBoost + PowerBoost; communication capability,,787-1722,Switched-mode power supply; Eco; 1-phase; 24 VDC output voltage; 5 A output current,
LG5924-48-61-24,Dold,"Dold safety relay, emergency stop, 1-channel, 24 VDC, (3) N.O. safety output(s), (1) N.C. monitoring output(s), fixed screw terminals.",,,Caleb Page,2022,,288-437 (Two contacts instead of four),,,,"Relay module with driven contacts; Nominal input voltage: 24 VDC; 2 changeover contacts; Limiting continuous current: 5 A; Module width: 19 mm; 2,50 mm²",
FAZ-D20-1-L-NA-SP,Eaton,"Eaton miniature circuit breaker, current-limiting, 20A, 240 VAC / 48 VDC, 1-pole, D curve, thermal magnetic, 14kA @ 240 VAC interrupting rating, 35mm DIN rail mount.",,,Caleb Page,2022,,"811-411 (could use a 709-591 din rail mountable drawer to hold spare fuses, and we can even print your company's logo on the front of the drawer)",,,"2006-1681 + 8001-025/K050-0613/002-1300 (would need two sets to support 20A, if that's possible, but these are in stock)","2-conductor fuse terminal block; for class CC fuses; 600V, 30A, 1-pole; with blown fuse indication; for DIN-rail 35 x 15 and 35 x 7.5; 16 mm²; CAGE CLAMP®; 16,00 mm²; light gray",
FAZ-D5-1-L-NA-SP,Eaton,"Eaton miniature circuit breaker, current-limiting, 5A, 240 VAC / 48 VDC, 1-pole, D curve, thermal magnetic, 10kA @ 240 VAC interrupting rating, 35mm DIN rail mount.",,,Caleb Page,2022,,"811-411 (could use a 709-591 din rail mountable drawer to hold spare fuses, and we can even print your company's logo on the front of the drawer)",,,2006-1681 + 8001-025/K050-0613/002-1000 ,"2-conductor fuse terminal block; for class CC fuses; 600V, 30A, 1-pole; with blown fuse indication; for DIN-rail 35 x 15 and 35 x 7.5; 16 mm²; CAGE CLAMP®; 16,00 mm²; light gray",
FAZ-D2-1-L-NA-SP,Eaton,"Eaton miniature circuit breaker, current-limiting, 2A, 240 VAC / 48 VDC, 1-pole, D curve, thermal magnetic, 10kA @ 240 VAC interrupting rating, 35mm DIN rail mount.",,,Caleb Page,2022,,"811-411 (could use a 709-591 din rail mountable drawer to hold spare fuses, and we can even print your company's logo on the front of the drawer)",,,2006-1681 + 8001-025/K050-0613/002-700,"2-conductor fuse terminal block; for class CC fuses; 600V, 30A, 1-pole; with blown fuse indication; for DIN-rail 35 x 15 and 35 x 7.5; 16 mm²; CAGE CLAMP®; 16,00 mm²; light gray",
700-HN121,Allen Bradley,"Relay Socket,Slim, 5 Blade,Guarded Screw Terminals,Used with 700-HK 1-pole and 700-HNK 1-pole relays",,,Caleb Page,2022,,788-100,Relay socket; 1 changeover contact; for 15 mm basic relays; gray,,,Relay socket; 1 changeover contact; for 15 mm basic relays; gray,
700-HK36Z24-3-4,Allen Bradley,"GP Slim Line Relay,24V DC,Standard Contacts,1 Changeover Contact(SPDT)16A,Psh-to-Test & Mnl Ovrrd Funct.",,,Caleb Page,2022,,788-544,Relay module; Nominal input voltage: 24 VDC; 1 changeover contact; Limiting continuous current: 16 A; with manual operation; Red status indicator; Module width: 15 mm,,,,
021000-30,Stego,Enclosure Lighting,,,Caleb Page,2022,,No Cross,,,,,
244357,Stego,Enclosure Lighting Cable,,,Caleb Page,2022,,No Cross,,,,,
F2X3LG6,Allen Bradley,Wire Way,,,Caleb Page,2022,,51017684,"High Density Gray Wire Way, 3x2, 20 piece min order, 6' Lengths/120'",,,"Wire Way, 3x2, 6ft stick, grey",
C2LG6,Allen Bradley,Wire Way Cover ,,,Caleb Page,2022,,51017655,"Gray Wire Way Cover 2 in, 20 piece min order, 6' Lengths/120'",,,"Wire Way Cover, 2"" wide, grey",
800FP-LMT44,Allen Bradley,Emergency Stop P.B./P.L.,,,Caleb Page,2022,,No Cross,,,,,
800F-ALP,Allen Bradley,P.B. Latch,,,Caleb Page,2022,,No Cross,,,,,
800F-N3R,Allen Bradley,P.L. LED Red ,,,Caleb Page,2022,,No Cross,,,,,
800F-X01S,Allen Bradley,P.B. Safety Contact N.C.,,,Caleb Page,2022,,No Cross,,,,,
FA-GFCI,Automation Direct,Power Outlet ,,,Caleb Page,2022,,8002-025/K050-0613/000-8300,15 amp duplex outlet box  with an MCS connector.,,,15 amp duplex outlet box  with an MCS connector.,
700-HN122,Allen Bradley,"Relay Socket,8 Blade,Guarded Screw Terminals,Used with 700 HK 2 Pole and 700 HNK 2 pole relays",,,Caleb Page,2022,,788-102,Relay socket; 2 changeover contacts; for 15 mm basic relays; gray,,,Relay socket; 2 changeover contact; for 25 mm basic relays; gray,
700-HK32Z24-3-4,Allen Bradley,24 VDC Relay (2 Pole),,,Caleb Page,2022,,788-156,Basic relay; Nominal input voltage: 24 VDC; 2 changeover contacts; Limiting continuous current: 8 A; Module width: 13 mm; Module height: 15 mm,,788-312,Basic relay; Nominal input voltage: 24 VDC; 2 changeover contacts; Limiting continuous current: 8 A; Module width: 13 mm; Module height: 15 mm,
CSD20168,Hoffman,Wall Mount Enclosure ,,,Caleb Page,2022,,No Cross,,,,,
CP2016,Hoffman,Enclosure Back Plate,,,Caleb Page,2022,,No Cross,,,,,
100-C43D10,Allen Bradley,Contactor,,,Caleb Page,2022,,No Cross,,,,,
193-EEFD,Allen Bradley,Overload ,,,Caleb Page,2022,,No Cross,,,,,
38613005,Socomec,60 AMP Fusible Disconnect,,,Caleb Page,2022,,No Cross,,,,,
142E2911,Socomec,Disconnect Handle,,,Caleb Page,2022,,No Cross,,,,,
14001040,Socomec,Disconnect Shaft,,,Caleb Page,2022,,No Cross,,,,,
PH150MQMJ,Hammond,Transformer,,,Caleb Page,2022,,No Cross,,,,,
PFK2,Hammond,Transformer Fuse Kit,,,Caleb Page,2022,,No Cross,,,,,
FG3,Hammond,Transformer Finger Guard,,,Caleb Page,2022,,No Cross,,,,,
ACTR200-42L-F,AcuAmp,Current Transducer 200AMP Max,,,Caleb Page,2022,,855-305/100-209,Plug-in current transformer PRC 100A SRC 5A,,855-305/200-509,Plug-in current transformer; Primary rated current: 100 A; Secondary rated current: 5 A; Rated power: 2.5 VA; Accuracy class: 0.5; for billing purposes,
F1.5X2LG6,Panduit,Wire Way,,,Caleb Page,2022,,51017683,"High Density Gray Wire Way, 2x2, 20 piece min order, 6' Lengths/120'",,,"Wire Way, 2x2, 6ft stick, grey",
C1.5LG6,Panduit,Wire Way Cover ,,,Caleb Page,2022,,51017655,"Gray Wire Way Cover 2 in, 20 piece min order, 6' Lengths/120'",,,"Wire Way Cover, 2"" wide, grey",
JDL50,Edison,50 AMP Main Fuse,,,Caleb Page,2022,,No Cross,,,,,
EDCC1,Edison,1 AMP Transformer Line Fuse,,,Caleb Page,2022,,No Cross,,,,,
EDCC1-5,Edison,1.5 AMP Transformer Load Fuse,,,Caleb Page,2022,,No Cross,,,,,
800FP-SM32,Allen Bradley,Selector Switch,,,Caleb Page,2022,,No Cross,,,,,
800FP-P3,Allen Bradley,Green P.L.,,,Caleb Page,2022,,No Cross,,,,,
800FP-P4,Allen Bradley,Red P.L.,,,Caleb Page,2022,,No Cross,,,,,
800F-X10,Allen Bradley,N.O. Contact,,,Caleb Page,2022,,No Cross,,,,,
800F-N5W,Allen Bradley,P.L. LED White ,,,Caleb Page,2022,,No Cross,,,,,
1766-L32BWA,Allen Bradley,Micro Logix PLC ,,,Caleb Page,2022,,750-8102,"Controller PFC100; 2 x ETHERNET, RS-232/-485; light gray",,,PFC100 cpu,
1762-IQ16,Allen Bradley,PLC Expansion Input ,,,Caleb Page,2022,,750-430,8-channel digital input; 24 VDC; 3 ms; light gray,,750-431,"8 DI, 24vdc, 3mS",
1762-OW16,Allen Bradley,PLC Expansion Output,,,Caleb Page,2022,,750-515,4-channel relay output; AC 250 V; 2.0 A; Potential-free; 4 make contacts; light gray,,750-530,"4 DO, Relay",
1762-IF4,Allen Bradley,PLC Expansion Analog Input,,,Caleb Page,2022,,750-455/040-000,4-channel analog input; 4 … 20 mA; Single-ended; Ext. Temperature; dark gray,,750-459,"4 AI, 4.20 mA",
1762-OF2,Allen Bradley,PLC Expansion Analog Output,,,Caleb Page,2022,,750-555,4-channel analog output; 4 … 20 mA; light gray,,,"4 AO, 4.20mA",
1762-IT4,Allen Bradley,PLC Expansion Thermocouple Input,,,Caleb Page,2022,,750-498,"8AI TC, light gray",,,"8 AI, Thermocouple, config.",
1492-IFM40D24-3,Allen Bradley,"Discrete Interface Module, 32-Points, 3-Terminals Per Input",,,Caleb Page,2022,,830-800/000-125,Interface module comparable to AB 1492-IFM40D24-3,,,,
1492-IFM40D24-2,Allen Bradley,"Discrete Interface Module, 32-Points, 2-Terminals Per Output",,,Caleb Page,2022,,830-800/000-022,"1492-IFM40D24, 1492-IFM40D24-2 32 Channel Digital out w/LED's",,,,
1492-CABLE2.5Z,Allen Bradley,"Discrete Interface Module Cable, 40-Wire, 2.5m Length",,,Caleb Page,2022,,830-700/000-006,Similar to A-B 1492-CABLE025Z,,,,
1492-AIFM8-3,Allen Bradley,"Analog Interface Module, 8/16-Points, 3-Terminals Per Point",,,Caleb Page,2022,,830-800/000-033,Interface similar to AB 1492-AIFM 8-3,,,,
1492-ACABLE2.5TD,Allen Bradley,"Analog Interface Module Cable, 40-Wire, Diff. Current, 2.5m Length",,,Caleb Page,2022,,8000-0100/1000-0361,"Data Interface Port, 2 Port, Duplex GFI Outlet, RJ45, 3 A Circuit Breaker, Metal, NEMA 4, 4X, 12",,,,
1492-IFM20D120A-2,Allen Bradley,"Discrete Interface Module, 120VAC Inputs",,,Caleb Page,2022,,830-800/000-114,Interface module comparable to AB 1492-IFM20D120A-2,,,,
1492-CABLE1X,Allen Bradley,"Discrete Interface Module Cable, 120VAC Inputs, 1m Length",,,Caleb Page,2022,,830-700/000-009,Similar to A-B 1492-CABLE025X,,,,
1492-IFM40DS120-4,Allen Bradley,Isolated Relay Interface Module,,,Caleb Page,2022,,830-800/000-227,Interface Module,,,,
1492-CABLE1Y,Allen Bradley,"Isolated Relay Interface Module Cable, 1m Length",,,Caleb Page,2022,,830-700/000-017,Similar to A-B 1492-CABLE010Y,,,,
7641K171,McMaster Carr,"Grounding Terminal Block - Green yellow, 12mm wide, 49.5mm tall, 14-4 gauge wire",,,Caleb Page,2022,,2016-1207,"2-conductor ground terminal block; 16 mm²; suitable for Ex e II applications; side and center marking; for DIN-rail 35 x 15 and 35 x 7.5; Push-in CAGE CLAMP®; 16,00 mm²; green-yellow",,,,
7578K712,McMaster Carr,"Wire Duct - 5/8"" X 1/2"" x 3.25' Gray",,,Caleb Page,2022,,51017681,"High Density Gray Wire Way, 1x1, 20 piece min order, 6' Lengths/120'",,,,
7641K152,McMaster Carr,"DIN 1 & 3, Standard, 12 mm Width Terminal Block",,,Caleb Page,2022,,2216-1201,"2-conductor through terminal block; with push-button; 16 mm²; with test port; side and center marking; for DIN-rail 35 x 15 and 35 x 7.5; Push-in CAGE CLAMP®; 16,00 mm²; gray",,,,
7807K96,McMaster Carr,"1.5"" Cord grip with 21 holes (up to 0.22"" cables)",,,Caleb Page,2022,,n/a,,,,,
8961K15,McMaster Carr,Din Rail - 7.5mm deep 35mm tall 1m long,,,Caleb Page,2022,,210-112,"Steel carrier rail; 35 x 7.5 mm; 1 mm thick; 2 m long; slotted; according to EN 60715; ""Hole width 25 mm",,,,
9473T17,McMaster Carr,"Gray terminal block - 5mm, 28-12 gauge wire, 4 connections",,,Caleb Page,2022,,2002-1401,"4-conductor through terminal block; 2.5 mm²; suitable for Ex e II applications; side and center marking; for DIN-rail 35 x 15 and 35 x 7.5; Push-in CAGE CLAMP®; 2,50 mm²; gray",,,,
9473T19,McMaster Carr,"Red terminal block - 5mm, 28-12 gauge wire, 4 connections",,,Caleb Page,2022,,2002-1203,"2-conductor through terminal block; 2.5 mm²; suitable for Ex e II applications; side and center marking; for DIN-rail 35 x 15 and 35 x 7.5; Push-in CAGE CLAMP®; 2,50 mm²; red",,,,
9473T21,McMaster Carr,"Blue terminal block - 5mm, 28-12 gauge wire, 4 connections",,,Caleb Page,2022,,2002-1204,"2-conductor through terminal block; 2.5 mm²; for Ex e II and Ex i applications; side and center marking; for DIN-rail 35 x 15 and 35 x 7.5; Push-in CAGE CLAMP®; 2,50 mm²; blue",,,,
X4230-FTU35,ETA,Circuit Breaker Accessories 4230 ACC - Power Feed Terminal UL489,,,Caleb Page,2022,,n/a,"Closest thing I would have to the 4230-… ETA breaker line would be my 811 series  Class CC Fuse Holders, which are UL489, but only rated for 30A & up to 1000VDC or 750VAC.",,,,
X4230-BU306P16A,ETA,"3-pole, 6-module busbar accessory for UL489 type 4230-…U… breakers by ETA.",,,Caleb Page,2022,,n/a,"Closest thing I would have to the 4230-… ETA breaker line would be my 811 series  Class CC Fuse Holders, which are UL489, but only rated for 30A & up to 1000VDC or 750VAC.",,,,
X4230-BU312P16A,ETA,"3-pole, 12-module busbar accessory for UL489 type 4230-…U… breakers by ETA.",,,Caleb Page,2022,,n/a,"Closest thing I would have to the 4230-… ETA breaker line would be my 811 series  Class CC Fuse Holders, which are UL489, but only rated for 30A & up to 1000VDC or 750VAC.",,,,
4230-T110-K0DU-20A,ETA,"Circuit Breaker Thermal Magnetic 15 A, 277 VAC, 60 VDC, UL489 Lever DIN Rail",,,Caleb Page,2022,,n/a,"Closest thing I would have to the 4230-… ETA breaker line would be my 811 series  Class CC Fuse Holders, which are UL489, but only rated for 30A & up to 1000VDC or 750VAC.",,,,
4230-T120-K0DU-20A,ETA,"Circuit Breaker Thermal Magnetic 20 A, 480 VAC, 125 VDC, UL489 Lever DIN Rail",,,Caleb Page,2022,,n/a,"Closest thing I would have to the 4230-… ETA breaker line would be my 811 series  Class CC Fuse Holders, which are UL489, but only rated for 30A & up to 1000VDC or 750VAC.",,,,
4230-T110-K0DU-30A,ETA,"Circuit Breaker Thermal Magnetic 30 A, 277 VAC, 60 VDC, UL489 Lever DIN Rail",,,Caleb Page,2022,,n/a,"Closest thing I would have to the 4230-… ETA breaker line would be my 811 series  Class CC Fuse Holders, which are UL489, but only rated for 30A & up to 1000VDC or 750VAC.",,,,
4230-T120-K0DU-30A,ETA,"Circuit Breaker Thermal Magnetic 60 A, 480 VAC, 125 VDC, UL489 Lever DIN Rail",,,Caleb Page,2022,,n/a,"Closest thing I would have to the 4230-… ETA breaker line would be my 811 series  Class CC Fuse Holders, which are UL489, but only rated for 30A & up to 1000VDC or 750VAC.",,,,
2981046,Phoenix Contact,Extension module - PSR-SPP- 24UC/URM4/5X1/2X2/B,,150.11,Caleb Page,2022,,n/a,,,,,
2900299,Phoenix Contact,Relay Module - PLC-RPT- 24DC/21,,9.57,Caleb Page,2022,,857-304,"Relay module; Nominal input voltage: 24 VDC; 1 changeover contact; Limiting continuous current: 6 A; Yellow status indicator; Module width: 6 mm; 2,50 mm²; gray",,,,
3022276,Phoenix Contact,End clamp - CLIPFIX 35-5,,0.88,Caleb Page,2022,,249-116,Screwless end stop; 6 mm wide; for DIN-rail 35 x 15 and 35 x 7.5; gray,,,,
3030514,Phoenix Contact,End cover - D-ST 2;5-QUATTRO,,0.64,Caleb Page,2022,,2002-1491,End and intermediate plate; 0.8 mm thick; gray,,2002-1492,End and intermediate plate; 0.8 mm thick; orange,
3209594,Phoenix Contact,Ground modular terminal block,,3.08,Caleb Page,2022,,2202-1407,"4-conductor ground terminal block; with push-button; 2.5 mm²; with test port; side and center marking; for DIN-rail 35 x 15 and 35 x 7.5; Push-in CAGE CLAMP®; 2,50 mm²; green-yellow",,,,
3210567,Phoenix Contact,Double-level terminal block - PTTB 2;5,,1.8,Caleb Page,2022,,2202-2701,"Double-deck terminal block; with push-button; Through/through terminal block; L/L; without marker carrier; suitable for Ex e II applications; for DIN-rail 35 x 15 and 35 x 7.5; 2.5 mm²; Push-in CAGE CLAMP®; 2,50 mm²; gray",,2202-2727,"(The difference between this and PN(A) is that the lower deck potential is grounded to the DIN Rail.) 

Double-deck terminal block; with push-button; Ground conductor/through terminal block; PE/L; without marker carrier; suitable for Ex e II applications; Blue conductor entry upper deck; for DIN-rail 35 x 15 and 35 x 7.5; 2.5 mm²; Push-in CAGE CLAMP®; 2,50 mm²; gray",
3211634,Phoenix Contact,End Cover,,0.62,Caleb Page,2022,,2002-2791,End plate; 0.8 mm thick; gray,,2002-2792,End plate; 0.8 mm thick; orange,
3212950,Phoenix Contact,Ground modular terminal block,,9.06,Caleb Page,2022,,2206-1207,"2-conductor ground terminal block; with push-button; 6 mm²; with test port; side and center marking; for DIN-rail 35 x 15 and 35 x 7.5; Push-in CAGE CLAMP®; 6,00 mm²; green-yellow",,2206-1307,"(2-conductor vs 4-conductor Phoenix. The end-plate that goes with this is 2006-1392 (orange) or 2006-1391 (gray).

3-conductor ground terminal block; with push-button; 6 mm²; with test port; side and center marking; for DIN-rail 35 x 15 and 35 x 7.5; Push-in CAGE CLAMP®; 6,00 mm²; green-yellow",
3212963,Phoenix Contact,End Cover,,0.76,Caleb Page,2022,,2006-1291,End and intermediate plate; 1 mm thick; gray,,2006-1391,"(For 3-conductor terminal with cross section of 6mm^2. For an orange end-plate change last digit in PN to a ""2"".)

End and intermediate plate; 1 mm thick; gray",
3214080,Phoenix Contact,Potential collective terminal,,12.29,Caleb Page,2022,,2206-8031,"Distribution terminal block with push-button 1 x 6 mm² / 6 x 1.5 mm²,  gray","(Wago has many potential distribution products, which can be tailored to your application. This is our most terminal-block-like distribution terminal block.)",many options,"Power distribution PCB, similar to ""P"" UMK-PVB 2/32/ZFKDS (2302379); EXCEPT LEVER TERMINALS.  2-poles x 2-pos 30 Amp input to 2-poles x 16-pos output",
8000-88010-3590500,Murr,"8000-86010-3560500 6 port $43.32. 8000-88060-0000000 M12 conn, No cable $52.06",,48.52,Caleb Page,2022,,757-483/000-005,M8 sensor/actuator box; 8-way; 3-pole; 5m connecting cable,,,,
1516056,Phoenix Contact,"1434840 M12 conn, No cable $47",,44,Caleb Page,2022,,757-483/000-005,M8 sensor/actuator box; 8-way; 3-pole; 5m connecting cable,,,,
LNP-800AGH,Antaira,"8-Port Industrial Gigabit PoE+ Unmanaged Ethernet Switch, w/8*10/100/1000Tx (30W/Port)",,470,Caleb Page,2022,,852-1813/010-001,"Lean Managed Switch, 8Port Gb 2-Slot 1000BASE-SX/LX",,852-1411,Industrial unmanaged ECO switch; 5 - 10/100/1000 Mb/s RJ45 ports; Power Over Ethernet; Extended temperature range,
LNP-800AGH-T,Antaira,"8-Port Industrial Gigabit PoE+ Unmanaged Ethernet Switch, w/8*10/100/1000Tx (30W/Port); EOT: -40°C to 75°C",,493,Caleb Page,2022,,852-1813/010-001,"Lean Managed Switch, 8Port Gb 2-Slot 1000BASE-SX/LX",,852-1411,Industrial unmanaged ECO switch; 5 - 10/100/1000 Mb/s RJ45 ports; Power Over Ethernet; Extended temperature range,
2904374,Phoenix Contact,"Primary-switched UNO POWER power supply for DIN rail mounting, input: 1-phase, output: 5 V DC/25 W",,40.02,Caleb Page,2022,,787-1020,EPSITRON® COMPACT power supply; single-phase; output voltage 5 VDC; 5.5 A,,,,
2904623,Phoenix Contact,"Primary-switched QUINT POWER power supply with free choice of output characteristic curve, SFB (selective fuse breaking) technology, and NFC interface, input: 3-phase, output: 24 V DC/40 A",,,Caleb Page,2022,,2787-2348,Power supply; Pro 2; 3-phase; 24 VDC output voltage; 40 A output current; TopBoost + PowerBoost; communication capability,,787-1644,EPSITRON® CLASSIC power supply; 3-phase; output voltage 24 VDC; 40 A; TopBoost,
LNX-1802GN-T,Antaira,"18-Port Industrial Managed Ethernet Switch, w/16*10/100Tx + 2*GigE Combo Ports; EOT: -40~80C",,1086,Caleb Page,2022,,852-1816,"Lean Managed Switch, 16Port Gb, light gray",No Class 1 Div 2 offer.,852-1816/010-000,"Lean Managed Switch, 16Port Gb, light gray",
CP10.121,PULS,"Power Supply: 1-phase, 12VDC 16A",,233,Caleb Page,2022,,787-831,EPSITRON® PRO Power supply; single-phase; output voltage 12 VDC; 15 A; PowerBoost,,787-1631,EPSITRON® CLASSIC power supply; 1-phase; output voltage 12 VDC; 15 A,
CPS20.481,PULS,"Power supply: 1-phase, 48VDC 10A",,388,Caleb Page,2022,,2787-2157,Power supply; Pro 2; 1-phase; 48 VDC output voltage; 10 A output current; TopBoost + PowerBoost; communication capability,,787-1635,Switched-mode power supply; Classic; 1-phase; 48 VDC output voltage; 10 A output current; TopBoost; DC OK contact,
QT40.241,PULS,"Power Supply: 3-phase, 24VDC 40A",as low as $200s for one of Tom's customers using 3k pcs/yr,420,Caleb Page,2022,,2787-2348,Power supply; Pro 2; 3-phase; 24 VDC output voltage; 40 A output current; TopBoost + PowerBoost; communication capability,,787-1644,EPSITRON® CLASSIC power supply; 3-phase; output voltage 24 VDC; 40 A; TopBoost,
CP20.241,PULS,"Power Supply: 1-phase, 24VDC 20A",,,Caleb Page,2022,,2787-2147,Power supply; Pro 2; 1-phase; 24 VDC output voltage; 20 A output current; TopBoost + PowerBoost; communication capability,,,,
RSL1PVBU,Schneider Electric,"Harmony, Slim interface relay pre-assembled, 6 A, 1 CO, with LED, with protection circuit, screw connectors, 24 V AC/DC",,17.81,Caleb Page,2021,,857-304,"Relay module; Nominal input voltage: 24 VDC; 1 changeover contact; Limiting continuous current: 6 A; Yellow status indicator; Module width: 6 mm; 2,50 mm²; gray",,,,
ABLM1A24012,Schneider Electric,"Regulated Power Supply, 100-240V AC, 24V 1.2 A, single phase, Modular",,145.03,Caleb Page,2021,,787-2850,Power supply; Compact; 1-phase; 24 VDC output voltage; 1.25 A output current,,787-1702,EPSITRON ® ECO power supply; single-phase; 24 VDC; 1.25 A; DIN and chassis mount options,
LT3300-T1-D24-C,Pro-face America,"LT-3300T Source Output type; 5.7"" screen, 16-Point Input Sink Source, 16-Point Output Source, Connector: 38pin",,,Caleb Page,2022,,762-6302/8000-002,"Touch Panel 600; 14.5 cm (5.7""); 640 x 480 pixels; 2 x ETHERNET, 2 x USB, CAN, DI/DO, RS-232/485, Audio; Control Panel",,762-5303/8000-002,"Advanced Line; 7.0"" (17.8 cm); 800 x 480 pixels; 2 x ETHERNET, 2 x USB, CAN, DI/DO, RS-232/485, Audio; Control Panel",
ssp1a125BDT,Schneider Electric,"Harmony, Solid state relay, 25 A, panel mount, zero voltage switching, thermal pad, input 3...32 V DC, output 24…300 V AC",,27.26,Caleb Page,2021,,788-354,closest I can get to 25A is 16A. ,,,,
RSL1AB4BD,Schneider Electric,"(ABLM1A24012) used in Harmony, Slim interface plug-in relay, 6 A, 1 CO, standard, 24 V DC",,9.39,Caleb Page,2021,,857-152,Basic relay; Nominal input voltage: 24 VDC; 1 changeover contact; Limiting continuous current: 6 A; Module width: 5 mm; Module height: 15 mm,,,,
AD-SSR810-DC-28RN,Automation Direct,"solid state relay, 35mm DIN rail mount, finger-safe, 3-32 VDC input voltage, SPST, N.C. SCR, 10A contact rating, 24-280 VAC load voltage, random cross, screw terminal(s), LED indicator(s).",,24.5,Caleb Page,2021,,857-734,8A instead of 10A,,,,
MDR-60-24,Mean Well,,,,Caleb Page,2022,,"787-1712, 787-712, 787-722, 787-1722",got 52% off for Kyzen,,,,
1424649,Phoenix Contact,Connector - SACC-M12MS-5PLM,,12.28,Caleb Page,2022,,756-9203/050-000,"Connector for sensor/actuator cable; 5-pole, M12 plug, straight",,,,
XLS960E-3,Allen Bradley,"Power Supply, Switched Mode, 960W Output, 24-28 Output Voltage, 3P",,491.22,Caleb Page,2022,,2787-2348,,,787-1644,,
1606-XLS480E-3,Allen Bradley,"Power Supply,480 W, 24V DC,No Special Function,Performance Family,3-Phase",,417.91,Caleb Page,2022,,2787-2347,,,787-1634,,
LNX-1802GN,Antaira ,"18-Port Industrial Managed Ethernet Switch, w/16*10/100Tx + 2*GigE Combo Ports",,765,Caleb Page,2022,,852-1816,Lean Managed Switch; 16 Ports 1000Base-T,,,,
LNX-1802G,Antaira ,"18-Port Industrial Unmanaged Ethernet Switch, w/16*10/100TX + 2 *GigE Combo Ports",,430,Caleb Page,2022,,852-1106,Industrial unmanaged switch; 16 - 10/100/1000 Mb/s RJ45 ports; extended temperature range,,,,
LMX-0500,Antaira ,(OBSELETE - EOL 2019)5-Port Industrial Managed Ethernet Switch w/5*10/100Tx,,324,Caleb Page,2022,,852-111,Industrial unmanaged switch; 5-10/100 Mb/s RJ45 ports; eco,No Layer 3 Switch Offering,852-1111,,
LNX-800A,Antaira ,"8-Port Industrial Unmanaged Switch, w/8*10/100Tx",,118.67,Caleb Page,2022,,852-112/000-001,"Industrial-ECO-Switch, 8Port, black",,,Industrial unmanaged ECO switch; 5 - 10/100/1000 Mb/s RJ45 ports,
IES-3240,OringNet,"IES-3240 is an managed Redundant Ring Ethernet switch with 24x10/100Base-T(X) ports. With complete support of Ethernet Redundancy protocol, O-Ring (recovery time < 10ms over 250 units of connection), Open-Ring and MSTP/RSTP/STP (IEEE 802.1s/w/D) can protect your mission-critical applications from network interruptions or temporary malfunctions with its fast recovery technology. All function of IES-3240 can be managed centralized and convenient by a powerful windows utility — Open-Vision. In addition, the wide operating temperature range from -40 to 70°C can satisfy most of operating environment. Therefore, the switch is one of the most reliable choice for highly-managed Ethernet application.",,1159.92,Caleb Page,2022,,852-1816,Lean Managed Switch; 16 Ports 1000Base-T; light gray,,,,
3213138,Phoenix Contact,"20 position jumper, 3.5mm",,5.14,Caleb Page,2022,,2000-410,10 pos jumper vs 20 pos jumper,,,,
HS232-WHI,Partex Marking Systems,2:1 Ratio; 3.2/1.6mm; 8-14AWG; Single Wall Heat Shrink; Zero Halogen; white; 150m,,104.43,Caleb Page,2022,,60387715,"1/4“, White 12 - 8 AWG, 1 roll (100ft)",,,,
HS264-WHI,Partex Marking Systems,2:1 Ratio; 6.4/3.2mm; 2-8AWG; Single Wall Heat Shrink; Zero Halogen; white; 75m,,,Caleb Page,2022,,60444652,"1/2“, White 6-1/0 AWG, 1 roll (100ft)",,,,
HS248-WHI,Partex Marking Systems,2:1 Ratio; 4.8/2.4mm; 5-11AWG; Single Wall Heat Shrink; Zero Halogen; white; 75m,,,Caleb Page,2022,,60387715,"1/4“, White 12 - 8 AWG, 1 roll (100ft)",,,,
HS2191-WHI,Partex Marking Systems,2:1 Ratio; 19.1/9.5mm; Single Wall Heat Shrink; Zero Halogen; white; 50m,,,Caleb Page,2022,,211-506,Shrink tube; for Smart Printer; Unshrunk diameter: 19.0 mm; white,,,,
PO-07000DN9,Partex Marking Systems,Diam 3.8-4.7mm; 11-9AWG; Oval Profile; White,,,Caleb Page,2022,,211-812,Nozzles; Length: 12 mm; For the use of 211-811; halogen-free; Cable outer diameter: 1.4 … 5.0 mm,,,,
KRPA-14DY-24,Tyco Electronics,"RELAY, MONOSTABLE MAGNETIC COIL SYSTEM, 5 A, 3 FORM C, 3PDT, 3 C/O",,,Caleb Page,2022,,858-504,Relay module; Nominal input voltage: 24 VAC; 4 changeover contacts; Limiting continuous current: 5 A; with manual operation; Red status indicator; Module width: 31 mm,,,,
1606-XLP60EQ,Allen Bradley,"Power Supply; 100-240VAC or 110-300VDC, 1-phase input; 24-48VDC, 2.1A output, 60W; no special features",,,Caleb Page,2022,,787-1012,Switched-mode power supply; Compact; 1-phase; 24 VDC output voltage; 2.5 A output current,,787-712,"Switched-mode power supply; EPSITRON® ECO Power; 1-phase; 24 VDC output voltage; 2.5 A output current; 4,00 mm²",
700-HK32Z24-4,Allen Bradley,"GP Slim Line Relay,24V DC,Standard Contacts,2 Changeover Contact(DPDT)8A,Pilot Light",,,Caleb Page,2022,,788-156,Basic relay; Nominal input voltage: 24 VDC; 2 changeover contacts; Limiting continuous current: 8 A; Module width: 13 mm; Module height: 15 mm,,788-312,"Relay module; Nominal input voltage: 24 VDC; 2 changeover contacts; Limiting continuous current: 8 A; Red status indicator; Module width: 15 mm; 2,50 mm²; gray",
MCSESU053FN0,Schneider Electric,Modicon Standard Unmanaged Switch - 5 ports for copper,,,Caleb Page,2022,,852-1111,Industrial-ECO-Switch; 5-port 1000Base-T; black,,852-112,Industrial unmanaged ECO switch; 8 - 10/100 Mb/s RJ45 ports,
DRP-240-24,Mean Well,AC-DC Industrial DIN rail power supply; Output 24Vdc at 10A; metal case; DRP-240-24 is succeeded by NDR-240-24.,,,Caleb Page,2022,,787-732,"Switched-mode power supply; EPSITRON® ECO Power; 1-phase; 24 VDC output voltage; 10 A output current; 4,00 mm²",,2787-2146,Power supply; Pro 2; 1-phase; 24 VDC output voltage; 10 A output current; TopBoost + PowerBoost; communication capability,
DR-UPS40,Allen Bradley,AC-DC Industrial DIN rail power supply; Output 24Vdc at 40A; UPS module; controller,,,Caleb Page,2022,,787-915,UPS charger and controller; 24 VDC input voltage; 24 VDC output voltage; 40 A output current,,787-875,"UPS charger and controller; 24 VDC input voltage; 24 VDC output voltage; 20 A output current; LineMonitor; communication capability; 10,00 mm²",
BMXDDI1602,Schneider Electric,for Modicon X80; discrete input module X80 - 16 inputs - 24 V DC positive,,,Caleb Page,2022,,750-1402,16-channel digital input; 24 VDC; 3 ms; Low-side switching; Ribbon cable; light gray,,750-1505,16-channel digital output; 24 VDC; 0.5 A; Low-side switching; light gray,
BMXCPS3020,Schneider Electric,for Modicon X80; power supply module X80 - 24..48 V DC - 31.2 W,,,Caleb Page,2022,,750-602,Power Supply; 24 VDC; light gray,,,,
STBACI0320K,Schneider Electric,standard analog input kit STB - 4..20 mA - 4 I - 15 bits + sign,,,Caleb Page,2022,,750-555,4-channel analog output; 4 … 20 mA; light gray,,,,
1783-US16T2S,Allen Bradley,"Stratix 2000 unmanaged switch, 16 copper 10/100 ports, 2 100 meg. fiber SFP slots",,,Caleb Page,2022,,852-1106,Industrial-Switch; 16 Ports 1000Base-T; Extended temperature range; metallic black,,,,
1606-XLE120E,Allen Bradley,XLE Power Supply 120W 24VDC 5A; 20% power reserves,,,Caleb Page,2022,,2787-2144,Power supply; Pro 2; 1-phase; 24 VDC output voltage; 5 A output current; TopBoost + PowerBoost; communication capability,,,,
SDN 10-24-100P,SOLA,"DC Power Supply: 115 to 230 V AC, Single Phase, 24V DC, 240W, 10, DIN Rail/Chassis",,,Caleb Page,2022,,2787-2146,Power supply; Pro 2; 1-phase; 24 VDC output voltage; 10 A output current; TopBoost + PowerBoost; communication capability,,787-1632,Switched-mode power supply; Classic; 1-phase; 24 VDC output voltage; 10 A output current; TopBoost; DC OK contact,
6720005422,Weidmuller,MODULE OUTLET AC GFI 15A 120VAC,,,Caleb Page,2022,,8002-025/K050-0613/000-8300,15 amp duplex outlet box  with an MCS connector.,,,,
AD-HSSR808-DC-15,Automation Direct,"AutomationDirect solid state relay, 35mm DIN rail mount, finger-safe, 3.5-32 VDC input voltage, SPST, N.O. MOSFET, 8A contact rating, 3-150 VDC load voltage, DC switching, screw terminal(s), LED indicator(s), hazardous location certified",,,Caleb Page,2022,,no cross,,,,,
TM221C24R,Allen Bradley,"Logic controller, Modicon M221, 24 IO relay; 120VAC input",,,Caleb Page,2022,,CC100 is the closest we have,8DI 4DO 2AI 2AO 2NI1K/PT1K,,,,
3211892,Phoenix Contact,Fuse modular terminal block - PTTB 4-HESILED 250 (5X20),,,Caleb Page,2022,,2002-2611/1000-836,"Double-deck fuse terminal block; with pivoting fuse holder; Through/Fuse terminal block; for 5 x 20 mm miniature metric fuse; with blown fuse indication by LED; 230 V; for DIN-rail 35 x 15 and 35 x 7.5; 2.5 mm²; Push-in CAGE CLAMP®; 2,50 mm²; gray",,,,
7760056088,Weidmuller,"Basic Relay w/out Socket; 4CO, 24VDC Control, 250VAC Load, 21mm Width",,,Caleb Page,,,858-304,"Relay module; Nominal input voltage: 24 VDC; 4 changeover contacts; Limiting continuous current: 5 A; with manual operation; Red status indicator; Module width: 31 mm; 1,50 mm²",,858-150,Basic relay; Nominal input voltage: 24 VDC; 4 changeover contacts; Limiting continuous current: 5 A; with manual operation; Module width: 22 mm; Module height: 25 mm,
7760056363,Weidmuller,Socket w/out Relay; 4CO,,,Caleb Page,,,858-304,"Relay module; Nominal input voltage: 24 VDC; 4 changeover contacts; Limiting continuous current: 5 A; with manual operation; Red status indicator; Module width: 31 mm; 1,50 mm²",,858-100,Relay socket; 4 changeover contacts,
1202577,Phoenix Contact,End-Stop,,,Caleb Page,,,249-116,Screwless end stop; 6 mm wide; for DIN-rail 35 x 15 and 35 x 7.5; gray,,,,
3212011,Phoenix Contact,"Ground modular terminal block - PTS 2,5-QUATTRO-PE",,,Caleb Page,,,2202-1407,"4-conductor ground terminal block; with push-button; 2.5 mm²; with test port; side and center marking; for DIN-rail 35 x 15 and 35 x 7.5; Push-in CAGE CLAMP®; 2,50 mm²; green-yellow",,,,
1104890,Phoenix Contact,"Safe extension module with 8 safe inputs and 4  safe outputs, 4 reset inputs or 4 signal outputs, 4  clock outputs, TBUS interface, up to SIL 3, Cat. 4/PL e, pluggable screw terminal block, TBUS connector included",,,Caleb Page,,,No Cross,,,,,
DN-T12-A,Automation Direct,"Terminal Block, 24-12AWG, 20A, 600V, Through, 1-Level, 2-Conductor, Gray, QTY 100",0.56,56,Caleb Page,,,2002-1201,"2-conductor through terminal block; 2.5 mm²; suitable for Ex e II applications; side and center marking; for DIN-rail 35 x 15 and 35 x 7.5; Push-in CAGE CLAMP®; 2,50 mm²; gray",,,,
DN-EC1210MN,Automation Direct,"End Plate for Terminal Block DN-T12 or EN-T10, QTY 25",,12.5,Caleb Page,,,2002-1292,End and intermediate plate; 0.8 mm thick; orange,,2002-1291,End and intermediate plate; 0.8 mm thick; gray,
DN-2J2Y,Automation Direct,"DINnector terminal block jumper, push-in type, 2-pole, orange, 25A, 600V rated (UL). Package of 100",0.375,37.5,Caleb Page,,,2002-400,Adjacent jumper for continuous commoning; insulated; 2-way; Nominal current 25 A; light gray,,,,
2964005,Phoenix Contact,"Single-channel or two-channel contact extension, 5 N/O contacts, 1 N/C contact, 1 confirmation current path, together with basic device up to Cat. 4 PL e in accordance with EN ISO 13849 safe isolation, width: 35 mm, pluggable Push-in terminal block",,,Caleb Page,,,n/a,,,,,
F2X4WH6,Panduit,"F2X4WH6 Narrow Slot Duct, White, PVC, 4.1""x2.25"", PK6",,$107 for 120',Caleb Page,,,51017703,"High Density White Wire Way, 2x4, 20 piece min order, 6' Lengths/120'",,,,
NC2WH6,Panduit,"NC2WH6 Flush Cover, White, Hal-Free PPO, 0.35""x2.25"", PK6",,$21.60 for 120',Caleb Page,,,51017692,"White Wire Way Cover 2 in, 20 piece min order, 6' Lengths/120'",,,,
3025042,Phoenix Contact,"Fuse modular terminal block, fuse type: Glass / ceramics / ..., connection method: Push-in connection, cross section: 0.5 mm²- 10 mm², AWG: 20 - 8, nominal current: 10 A, nom. voltage: 1000 V, width: 12.3 mm, fuse type: G / 5 x 20, mounting type: NS 35/7,5, NS 35/15, color: black",,,Caleb Page,,,2006-1611,"2-conductor fuse terminal block; with pivoting fuse holder; for 5 x 20 mm miniature metric fuse; without blown fuse indication; for DIN-rail 35 x 15 and 35 x 7.5; 6 mm²; Push-in CAGE CLAMP®; 6,00 mm²; gray",,,,
6722-0375050,Victoria Fitting,,,,Caleb Page,,,n/a,,,,,
39-01-2060,Molex,,,,Caleb Page,,,n/a,,,,,
1805980000,Weidmuller,"Rail, TS 35, TS 35 x 15, with slot, Steel, galvanic zinc plated and passivated, 2m",,,Caleb Page,,,210-197,Steel carrier rail; 35 x 15 mm; 1.5 mm thick; 2 m long; slotted; similar to EN 60715,,,,
3210033,Phoenix,"Feed-through terminal block, Current and voltage are determined by the plug used., nom. voltage: 500 V, nominal current: 24 A, connection method: Push-in / plug connection, Rated cross section: 2.5 mm2, cross section: 0.14 mm2 - 4 mm2, mounting type: NS 35/7,5, NS 35/15, color: gray",,,Caleb Page,,,2222-1201,,,,,
1050017:0001,Phoenix,"Zack marker strip, 10-section, horizontally labeled with the consecutive numbers: 1 ... 10, white, for terminal block width: 5.2 mm, mounting type: snapped",,,Caleb Page,,,793-5502,WMB marking card; as card; MARKED; 1 ... 10 (10x); stretchable 5 - 5.2 mm; Horizontal marking; snap-on type; white,,,,
XBAES35C,EATON,"The XBAES35C is an Universal End Stop for IEC-XB series terminal blocks, fuse blocks and fuse holders. The end stop provides an anchor point at each end of the rail assembly by attaching directly to the DIN rail. It also has a location for marking material to be placed.",,,Caleb Page,,,249-117,Screwless end stop; 10 mm wide; for DIN-rail 35 x 15 and 35 x 7.5; gray,,,,
3030161,Phoenix,,,,Caleb Page,,,2002-402/000-005,Push-in type jumper bar; insulated; 2-way; Nominal current 25 A; red,,,,
RJE17-288-1121,Amphenol,,,,Caleb Page,,,na,,,,,
1050017:0011,Phoenix,,,,Caleb Page,,,793-5503,WMB marking card; as card; MARKED; 11 ... 20 (10x); stretchable 5 - 5.2 mm; Horizontal marking; snap-on type; white,,,,
486-1772,Schurter,,,,Caleb Page,,,na,,,,,
OFAF00H160,ABB,,,,Caleb Page,,,na,,,,,
465622712,Molex,,,,Caleb Page,,,na,,,,,
VAL-MS-T1/T2 335/12.5/3+0-FM,Phoenix,,,,Caleb Page,,,60393586,Surge Arrestor,,,,
2713939,Phoenix Contact,,,,Caleb Page,,,2857-123,Empty housing ,,,,
3213014,Phoenix Contact,,,,Caleb Page,,,2000-402/000-005,Push-in type jumper bar; insulated; 2-way; Nominal current 14 A; red,,,,
3213086,Phoenix Contact,,,,Caleb Page,,,2000-402/000-006,Push-in type jumper bar; insulated; 2-way; Nominal current 14 A; blue,,,,
3213056,Phoenix Contact,,,,Caleb Page,,,2000-410/000-005,Push-in type jumper bar; insulated; 10-way; Nominal current 14 A; red,,,,
3213125,Phoenix Contact,,,,Caleb Page,,,2000-410/000-006,Push-in type jumper bar; insulated; 10-way; Nominal current 14 A; blue,,,,
3244449,Phoenix Contact,,,,Caleb Page,,,2000-5311,"3-conductor sensor terminal block; for PNP (positive) switching sensors; with colored conductor entries; 1 mm²; Push-in CAGE CLAMP®; 1,00 mm²; gray",,,,
3244575,Phoenix Contact,,,,Caleb Page,,,2000-5391,End and intermediate plate; 1 mm thick; for 3-conductor terminal blocks; gray,,,,
3210611,Phoenix Contact,,,,Caleb Page,,,2002-2407,"4-conductor double deck terminal block; 8-conductor ground terminal block; PE; without marker carrier; internal commoning; for DIN-rail 35 x 15 and 35 x 7.5; 2.5 mm²; Push-in CAGE CLAMP®; 2,50 mm²; green-yellow",pushbutton Phoenix / Open-Tool-Slot Wago,,,
3210613,Phoenix Contact,,,,Caleb Page,,,2002-2491,End and intermediate plate; 0.8 mm thick; gray,,,,
3031270,Phoenix Contact,,,,Caleb Page,,,2002-2701,"Double-deck terminal block; Through/through terminal block; L/L; without marker carrier; suitable for Ex e II applications; for DIN-rail 35 x 15 and 35 x 7.5; 2.5 mm²; Push-in CAGE CLAMP®; 2,50 mm²; gray",,,,
1492-EAJ35,Allen Bradley,,,,Caleb Page,,,249-116,Screwless end stop; 6 mm wide; for DIN-rail 35 x 15 and 35 x 7.5; gray,,,,
2966692,Phoenix Contact,,,,Caleb Page,,,859-410/000-006,Push-in type jumper bar; 10-way; Nominal current 18 A; insulated; blue,continuous bridge Phoenix / Plug in jumper bar for Wago,,,
10113,GE,DIRECT WIRE FLUORESCENT LIGHT,,,Caleb Page,,,,,,,,
63106,FERRAZ-SHAWMUT,POWER DISTRIBUTION BLOCKS,,,Caleb Page,,,,,,,,
67003,GOULD,3 POLE DISTRIBUTION BLOCK,,,Caleb Page,,,812-113,"Busbar terminal block; for (10 x 3) mm busbars; 3-pole; without push-buttons; 4 mm²; CAGE CLAMP®; 16,00 mm²; red",,812-103,"Busbar terminal block; for (10 x 3) mm busbars; 12-pole; without push-buttons; 4 mm²; 4,00 mm²; red",
67571,GOULD,SINGLE DISTRIBUTION BLOCK,,,Caleb Page,,,285-150,"2-conductor through terminal block; 50 mm²; lateral marker slots; only for DIN 35 x 15 rail; POWER CAGE CLAMP; 50,00 mm²; gray",,,,
209935,MJK,EXPERT 2100 HYDROSTATIC SUBMERSIBLE PRESSURE TRANSDUCER (0-30FT),,,Caleb Page,,,na,,,,,
2856812,PHOENIX,120V AC PLUG AND HEADER SURGE SUPPRESSOR,,,Caleb Page,,,,,,,,
2859521,PHOENIX,3 PHASE SURGE SUPPRESSOR W/ SEPARATE N AND PE,,,Caleb Page,,,,,,,,
2963860,PHOENIX,SINGLE RECEPTACLE,,,Caleb Page,,,51015062,"Single receptacle, 20A, 125VAC, to terminals (din rail mount.)",,,,
108TX,N-TRON,UNMANAGED ETHERNET SWITCH WITH 8 COPPER WIRE PORT,,,Caleb Page,,,852-1112,Industrial-ECO-Switch; 8-Port 1000BASE-T; black,,,,
1492-EBJ16,Allen Bradley,Feed Thru Terminal Block End Barrier,,,Caleb Page,,,,,,,,
1492-EBJ3,Allen Bradley,Feed Thru Terminal Block End Barrier,,,Caleb Page,,,,,,,,
1492-J35,Allen Bradley,FEED THRU TERMINAL BLOCK 600V 115A,,,Caleb Page,,,285-150,"2-conductor through terminal block; 50 mm²; lateral marker slots; only for DIN 35 x 15 rail; POWER CAGE CLAMP; 50,00 mm²; gray",,,,
1492-J4,ALLEN-BRADLEY,FEED THRU TERMINAL BLOCK 600V 35A,,,Caleb Page,,,2004-1201,"2-conductor through terminal block; 4 mm²; suitable for Ex e II applications; side and center marking; for DIN-rail 35 x 15 and 35 x 7.5; Push-in CAGE CLAMP®; 4,00 mm²; gray",,,,
1492-REC15,Allen Bradley,DIN RAIL MOUNT DUPLEX GFCI RECEPTACLE,,,Caleb Page,,,51017543,"Duplex receptacle, 15A, 120VAC, to terminals (din rail mount.)",,,,
1492-SP1B010,Allen Bradley,1 POLE SUPPLEMENTARY PROTECTOR 1A,,,Caleb Page,,,8001-025/K050-0613/002-7300,20A THERMAL CIRCUIT BREAKER DC28V,,2006-1681,"2-conductor fuse terminal block; for automotive blade-style fuses; with test option; without blown fuse indication; 6 mm²; Push-in CAGE CLAMP®; 6,00 mm²; gray",circuit breaker mounts onto terminal block
1492-SP1B050,Allen Bradley,1 POLE SUPPLEMENTARY PROTECTOR 5A,,,Caleb Page,,,8001-025/K050-0613/002-1000,5.0A AC250V DC65V Circuit Breaker / ON-OFF,,2006-1681,"2-conductor fuse terminal block; for automotive blade-style fuses; with test option; without blown fuse indication; 6 mm²; Push-in CAGE CLAMP®; 6,00 mm²; gray",circuit breaker mounts onto terminal block
62460-10E,LEVITON,"CAT 6 PATCH CORD, 10 FOOT LENGTH BLACK COLOR",,,Caleb Page,,,,,,,,
800H-JR2H,Allen Bradley,3 POSITION SELECTOR SWITCH MAINTAINED,,,Caleb Page,,,,,,,,
8501 RXM 3AB2F7,SQUARE D,PLUG IN RELAY 3PDT 120 VAC COIL W/ PILOT LIGHT,,,Caleb Page,,,,,,,,
8501 RXZ E2S111M,SQUARE D,PLUG IN RELAY SOCKET,,,Caleb Page,,,,,,,,
855BS-N35SL4,Allen Bradley,"ROUND 90MM BEACON, 1/2"" CONDUIT MOUNT, STANDARD, 24/48V DC AC/DC FULL VOLTAGE, LED SINGLE COLOR SELECTABLE STEADY/FLASH, RED N4X",,,Caleb Page,,,,,,,,
A24H2408SSLP,HOFFMAN,"NEMA 4X WALL MOUNT ENCLOSURE 24""X24""X8""",,,Caleb Page,,,,,,,,
A24P24,HOFFMAN,ENCLOSURE SUBPANEL,,,Caleb Page,,,,,,,,
A603618SSFSN4-MOD,HOFFMAN,"STAINLESS STEEL FREE STANDING SINGLE DOOR ENCLOSURE 60""X36""X18"" POWDER COATED TAN",,,Caleb Page,,,,,,,,
A60P36F1,HOFFMAN,"ENCLOSURE SUBPANEL 48""X32""",,,Caleb Page,,,,,,,,
A72SP36F4,HOFFMAN,"SWING OUT PANEL 30.88""X30.81""",,,Caleb Page,,,,,,,,
ADR1044-RS,APPLETON,"100 AMP RECEPTACLE FLANGE MOUNT 4W, 4P",,,Caleb Page,,,,,,,,
A-HC110E,HOFFMAN,CORROSION INHIBITOR,,,Caleb Page,,,,,,,,
ATEMNC,HOFFMAN,NC THERMOSTAT,,,Caleb Page,,,,,,,,
D676-8,ILSCO,GROUND BAR,,,Caleb Page,,,,,,,,
DAH601,HOFFMAN,SEMICONDUCTOR CONTROL PANEL HEATER 60W,,,Caleb Page,,,,,,,,
FR-A7N-ETH,ICC,ETHERNET/IP ADAPTOR FOR MITSUBISHI DRIVES,,,Caleb Page,,,,,,,,
FR-F820-00340-3-N6,MITSUBISHI,10 HP 240V VARIABLE FREQUENCY DRIVE W/ COVER FOR ETHERNET CARD,,,Caleb Page,,,,,,,,
HDL36100,SQUARE D,3 POLE MOLDED CASE CIRCUIT BREAKER,,,Caleb Page,,,,,,,,
HZ4X-1000,SOLA HD,1000 VA TRANSFORMER 240/120 N4X ENCLOSED,,,Caleb Page,,,,,,,,
MT8100IE,Weintek,"10"" WIDE SCREEN HMI, 1 ETHERNET, 2 SERIAL, 2 USB 24V DC INCLUDE DEVELOPMENT SOFTWARE",,,Caleb Page,,,762-4304/8000-002,,,,,
OD1232-SPOT / DIN,ORION,DIN RAIL MOUNT COOLING FAN 120V AC,,,Caleb Page,,,,,,,,
ONCELL G3150-HSPA-T,MOXA,MOXA CELL PHONE MODEM G3150,,,Caleb Page,,,,,,,,
QDL32200,SQUARE D,3 POLE MOLDED CASE CIRCUIT BREAKER,,,Caleb Page,,,,,,,,
QOU210,SQUARE D,10 AMP DOUBLE POLE DIN RAIL MOUNT CIRCUIT BREAKER,,,Caleb Page,,,,,,,,
QUO115,SQUARE D,"15 AMP CIRCUIT BREAKER, 1 POLE",,,Caleb Page,,,,,,,,
RB-08,ATC,RELAY SOCKET FOR PHASE MONITOR,,,Caleb Page,,,,,,,,
S29354,SQUARE D,CIRCUIT BREAKER INTERLOCK KIT,,,Caleb Page,,,,,,,,
SCE-FK1224-SS,SAGINAW,"STAINLESS STEEL FLOOR STAND KIT 12"" HIGH 24"" WIDE",,,Caleb Page,,,,,,,,
SDN 2.5-30/40 RED,SOLA HD,REDUNDANT POWER SUPPLY MODULE,,,Caleb Page,,,787-785,,,,,
SDN 5-24-100P,SOLA HD,24VDC 5A POWER SUPPLY,,,Caleb Page,,,2687-2144,,,,,
SDU850,SOLA HD,850VA UNINTERRUPTIBLE POWER SUPPLY DIN RAIL MOUNT,,,Caleb Page,,,,,,,,
SUA-230-ALAU,ATC,PHASE MONITOR RELAY 190-270V ADJUSTABLE,,,Caleb Page,,,,,,,,
1085115,Phoenix Contact,"16 port Gig switch. wide temperature range, automatic data transmission speed detection, Autonegotiation, Store & Forward Mode, PROFINET Conformance Class A for real-time data exchange, autocrossing function, and QoS
",,,Caleb Page,45231,,852-602,"Industrial-Managed-Switch 8Port; metallic black, 1 pcs.",,852-1816,Lean Managed Switch; 16 Ports 1000Base-T; light gray,
3209617,Phoenix Contact,"DOUBLE LEVEL TERMINAL BLOCK, BLUE",,,Caleb Page,45231,,2002-2204,"Double-deck terminal block; Through/through terminal block; N/N; without marker carrier; for Ex e II and Ex i applications; for DIN-rail 35 x 15 and 35 x 7.5; 2.5 mm²; Push-in CAGE CLAMP®; 2,50 mm²; blue",,,,
3209620,Phoenix Contact,"DOUBLE LEVEL TERMINAL BLOCK, GN/YE",,,Caleb Page,45231,,2002-2207,"Double-deck terminal block; 4-conductor ground terminal block; PE; without marker carrier; suitable for Ex e II applications; internal commoning; for DIN-rail 35 x 15 and 35 x 7.5; 2.5 mm²; Push-in CAGE CLAMP®; 2,50 mm²; green-yellow",,,,
3211797,Phoenix Contact,"QUATTRO TERMINAL BLOCK, GRAY",,,Caleb Page,45231,,2004-1401,"4-conductor through terminal block; 4 mm²; suitable for Ex e II applications; side and center marking; for DIN-rail 35 x 15 and 35 x 7.5; Push-in CAGE CLAMP®; 4,00 mm²; gray",,,,
3211809,Phoenix Contact,"QUATTRO TERMINAL BLOCK, GN/YE",,,Caleb Page,45231,,2004-1407,"4-conductor ground terminal block; 4 mm²; suitable for Ex e II applications; side and center marking; for DIN-rail 35 x 15 and 35 x 7.5; Push-in CAGE CLAMP®; 4,00 mm²; green-yellow",,,,
3209523,Phoenix Contact,"PUSH TERMINAL BLOCK, BLUE",,,Caleb Page,45231,,2002-1204,"2-conductor through terminal block; 2.5 mm²; for Ex e II and Ex i applications; side and center marking; for DIN-rail 35 x 15 and 35 x 7.5; Push-in CAGE CLAMP®; 2,50 mm²; blue",,,,
3212330,Phoenix Contact,"PUSH TERMINAL BLOCK, BLACK",,,Caleb Page,45231,,2002-1205,"2-conductor through terminal block; 2.5 mm²; suitable for Ex e II applications; side and center marking; for DIN-rail 35 x 15 and 35 x 7.5; Push-in CAGE CLAMP®; 2,50 mm²; black",,,,
3209536,Phoenix Contact,"PUSH TERMINAL BLOCK, GN/YE",,,Caleb Page,45231,,2002-1207,"2-conductor ground terminal block; 2.5 mm²; suitable for Ex e II applications; side and center marking; for DIN-rail 35 x 15 and 35 x 7.5; Push-in CAGE CLAMP®; 2,50 mm²; green-yellow",,,,
1085256,Phoenix Contact,8 PORT ENET SWITCH 10/100MBPS,,,Caleb Page,45231,,852-112/000-001,"Industrial-ECO-Switch, 8Port, black",,,,
1085255,Phoenix Contact,16 PORT ENET SWITCH 10/100MBPS,,,Caleb Page,45231,,852-1106,Industrial-Switch; 16 Ports 1000Base-T; Extended temperature range; metallic black,,,,
1085243,Phoenix Contact,8 PORT ENET SWITCH GIGABIT,,,Caleb Page,45231,,852-1112,Industrial-ECO-Switch; 8-Port 1000BASE-T; black,,,,
1085219,Phoenix Contact,16 PORT ENET SWITCH GIGABIT,,,Caleb Page,45231,,852-1106,Industrial-Switch; 16 Ports 1000Base-T; Extended temperature range; metallic black,,,,
G7SA-3A1B-DC24,Omron,4PST FORCE GUIDED SAFETY RELAY,,,Caleb Page,45231,,na,,,,,
G7SA-5A1B-DC24,Omron,6PST FORCE GUIDED SAFETY RELAY,,,Caleb Page,45231,,na,,,,,
700-HLT1Z24,Allen-Bradley,SPDT CONTROL RELAY,,,Caleb Page,45231,,857-304,"Relay module; Nominal input voltage: 24 VDC; 1 changeover contact; Limiting continuous current: 6 A; Yellow status indicator; Module width: 6 mm; 2,50 mm²; gray",,,,
700-HLT12Z24,Allen-Bradley,DPDT CONTROL RELAY,,,Caleb Page,45231,,788-312,"Relay module; Nominal input voltage: 24 VDC; 2 changeover contacts; Limiting continuous current: 8 A; Red status indicator; Module width: 15 mm; 2,50 mm²; gray",8A instead of 10A,,,
LY2N-D2-DC24,Omron,ICE CUBE CONTROL RELAY,,,Caleb Page,45231,,788-156,Basic relay; Nominal input voltage: 24 VDC; 2 changeover contacts; Limiting continuous current: 8 A; Module width: 13 mm; Module height: 15 mm,8A instead of 10A,,,
MY2N-D2-DC24,Omron,ICE CUBE CONTROL RELAY,,,Caleb Page,45231,,788-315,"Relay module; Nominal input voltage: 110 VDC; 2 changeover contacts; Limiting continuous current: 8 A; Red status indicator; Module width: 15 mm; 2,50 mm²; gray",2 x 8A,,,
RH2B-ULD-DC24V,Idec,ICE CUBE CONTROL RELAY,,,Caleb Page,45231,,788-312,"Relay module; Nominal input voltage: 24 VDC; 2 changeover contacts; Limiting continuous current: 8 A; Red status indicator; Module width: 15 mm; 2,50 mm²; gray",2x8A,,,
1492-REC15G,Allen-Bradley,DIN RAIL GFCI DUPLEX RECEPTACLE,,,Caleb Page,45231,,8002-025/K050-0613/000-9600,"GFIC with Extended enclosure with WAGO 826 style connector 15A, 120VAC, to terminals (din rail mount.)",,,,
NX-ECC203,Omron,ETHERCAT REMOTE I/O MODULE,,,Caleb Page,45231,,750-354/000-001,Fieldbus Coupler EtherCAT; ID Switch; light gray,,,,
NX-ID5442,Omron,16PT INPUT CARD,,,Caleb Page,45231,,750-1405,16-channel digital input; 24 VDC; 3 ms; light gray,,,,
NX-OD5256,Omron,16PT OUTPUT CARD,,,Caleb Page,45231,,750-1504,16-channel digital output; 24 VDC; 0.5 A; light gray,,,,
1734-AENT,Allen-Bradley,ETHERNET/IP POINT I/O MODULE,,,Caleb Page,45231,,750-363,"FC EtherNet/IP G4 ECO, 1 pcs.",,,,
1734-OB8,Allen-Bradley,8PT OUTPUT CARD,,,Caleb Page,45231,,750-530,8-channel digital output; 24 VDC; 0.5 A; light gray,,,,
S8VK-G12024,Omron,5A 24VDC POWER SUPPLY,,,Caleb Page,45231,,750-602,Power Supply; 24 VDC; light gray,,,,
S8VK-G24024,Omron,10A 24VDC POWER SUPPLY,,,Caleb Page,45231,,2787-2146,Power supply; Pro 2; 1-phase; 24 VDC output voltage; 10 A output current; TopBoost + PowerBoost; communication capability,,,,
S8VK-G48024,Omron,20A 24VDC POWER SUPPLY,,,Caleb Page,45231,,2787-2147,Power supply; Pro 2; 1-phase; 24 VDC output voltage; 20 A output current; TopBoost + PowerBoost; communication capability,,,,
S8AS-24006,Omron,6 CHANNEL SMART POWER SUPPLY,,,Caleb Page,45231,,na,,,,,
S8AS-48008,Omron,8 CHANNEL SMART POWER SUPPLY,,,Caleb Page,45231,,na,,,,,
2904600,Phoenix Contact,5A 24VDC POWER SUPPLY,,,Caleb Page,45231,,2787-2144,Power supply; Pro 2; 1-phase; 24 VDC output voltage; 5 A output current; TopBoost + PowerBoost; communication capability,,,,
2904601,Phoenix Contact,10A 24VDC POWER SUPPLY,,,Caleb Page,45231,,2787-2146,Power supply; Pro 2; 1-phase; 24 VDC output voltage; 10 A output current; TopBoost + PowerBoost; communication capability,,,,
2904602,Phoenix Contact,20A 24VDC POWER SUPPLY,,,Caleb Page,45231,,2787-2147,Power supply; Pro 2; 1-phase; 24 VDC output voltage; 20 A output current; TopBoost + PowerBoost; communication capability,,,,
1606-XLP95E,Allen-Bradley,CLASS 2 24VDC POWER SUPPLY,,,Caleb Page,45231,,787-1616/000-1000,Switched-mode power supply; Classic; 1-phase; 24 VDC output voltage; 3.8 A output current; NEC Class 2; DC OK signal,,,,
DRL100-24-1/C2,TDK-Lambda,CLASS 2 24VDC POWER SUPPLY,,,Caleb Page,45231,,787-1616/000-1000,Switched-mode power supply; Classic; 1-phase; 24 VDC output voltage; 3.8 A output current; NEC Class 2; DC OK signal,,,,
2910410,Phoenix Contact,4-CHANNEL CIRCUIT PROTECTOR W/ IO-LINK,,,Caleb Page,45231,,787-1664/006-1000,Electronic circuit breaker; 4-channel; 24 VDC input voltage; adjustable 0.5 … 6 A; active current limitation; communication capability,serial comms,,,
S8V-CP0424S,Omron,4-CHANNEL CLASS 2 CIRCUIT PROTECTOR,,,Caleb Page,45231,,787-1664/004-1000,Electronic circuit breaker; 4-channel; 24 VDC input voltage; 3.8 A; active current limitation; NEC Class 2; communication capability,,,,
1694-*****,Allen-Bradley,ELECTRONIC CIRCUIT PROTECTOR,,,Caleb Page,45231,,https://www.wago.com/us/discover-power-supplies/electronic-circuit-breakers,,,,,
GF-RJ45-R-32,Mencom Corporation,DUPLEX GFCI + RJ45 PANEL INTERFACE,,,Caleb Page,45231,,8000-100/1000-361,Bulkhead Interface Port; Duplex GFCI; Single RJ45 CAT6; 3A Breaker,,,,
RJ45-M25-LP,Mencom Corporation,RJ45 PANEL MOUNT RECEPTACLE,,,Caleb Page,45231,,8000-099/000-1764,"RJ45 Panel Connector, 22mm knockout",,,,
P-R2-K3RF3,Grace Technologies,DUPLEX GFCI + RJ45 PANEL INTERFACE,,,Caleb Page,45231,,8000-100/1000-361,Bulkhead Interface Port; Duplex GFCI; Single RJ45 CAT6; 3A Breaker,,,,
1018840000,Weidmuller,USB-A PANEL MOUNT RECEPTACLE,,,Caleb Page,45261,,8000-099/000-1765,"USB 3.0 panel connector, 22mm knockout",,,,
CS5.241,PULS,5A 24VDC POWER SUPPLY,,,Caleb Page,45261,,2787-2144,,,,,
2811394,Phoenix Contact,Temperature measuring transducer,,,Caleb Page,45261,,n/a,,,,,
3037410,Phoenix Contact,"ST 2,5-QUATTRO RD - Feed-through terminal block",,,Caleb Page,45261,,2002-1403,,,,,
712314,Phoenix Contact,TCP 10A - Thermal device circuit breaker,,,Caleb Page,45261,,51012503,,,,,
3004100,Phoenix Contact,UK 5-HESI - Fuse modular terminal block,,,Caleb Page,45261,,"2006-1611 for 5x20mm fuse,
2006-1621 for 5x30mm fuse,
2006-1631 for 1/4""x1.25"" fuse",,,,,
16330-3,Eaton Bussmann,"Eaton Bussmann series power distribution block, 600 Vac, 600 Vdc, 380 A, Three-pole, SCCR: 10 kA, Black, Molded Thermoplastic Base, Tin-plated aluminum connector
500 kcmil - 4/0 Cu/Al (Str)
3/0 - 1/0 Cu/Al (Str)
#1 - #6 Cu/Al",,,Caleb Page,45261,,na,,,,,
16301-3,Eaton Bussmann,"Eaton Bussmann series power splicer block, 600 Vac, 600 Vdc, 255 A, Three-pole, SCCR: 10 kA, Black, Molded Thermoplastic Base, Tin-plated aluminum connector, 250kcmil - 6 Cu",,,Caleb Page,45261,,285-1185,,,,,
3044160,Phoenix Contact,"Feed-through terminal block, nom. voltage: 1000 V, nominal current: 57 A, number of connections: 2, connection method: Screw connection, Rated cross section: 10 mm2, cross section: 0.5 mm2 - 16 mm2, mounting type: NS 35/7,5, NS 35/15, color: gray",,,Caleb Page,45261,,2010-1201,,,,,
1492-jtc3,Allen-Bradley,End Stop,,,Caleb Page,45261,,249-116,,,,,
3038451,Phoenix Contact,"ST 2,5-QUATTRO-TG - Disconnect terminal block",,,Caleb Page,45261,,2002-1981,,,,,
2NR-251,Schneider Electric,TRANSFORMER CURRENT 250:5 1-1/8 ID,,,Caleb Page,45261,,855-305/250-501,,,,,
ATR3-420-24L-FL,NK Technologies,"AC Current Transducer with 4-20mA Output. Selectable full scale input of  375A, 500A, 750A (True RMS sensing). Large Solid-Core transducers with 3” window. 3.4” L x 1.5” W x 4.2” H; 3.0” hole diameter.",,,Caleb Page,45261,,not yet available,,,,,
CQDA1WC ,Siemens,Molded case circuit breaker Accessory,,,Caleb Page,45261,,n/a,,,,,
USCC1I,Mersen,class cc fuse holder,,,Caleb Page,45261,,811-411,,,,,
CCP2-CC,Bussman/EATON,class cc fuse holder,,,Caleb Page,45261,,811-….,,,,,
1606-XLB,ALLEN BRADLEY,24V 10A POWER SUPPLY,,,Caleb Page,45261,,2787-2146,Power supply; Pro 2; 1-phase; 24 VDC output voltage; 10 A output current; TopBoost + PowerBoost; communication capability,,,,
MS4SM-AP-ADC,AUTOMATION DIRECT,"Fuji Electric multi-mode relay timer, 0.05 seconds to 60 hours selectable timing range, 100-240 VAC operating voltage, 5A contact rating, (1) DPDT timed relay output(s), socket mount, 11-pin. Requires Fuji Electric TP411X or TP411SBA timer socket.",,,Caleb Page,45261,,na,,,,,
SPDE241201R,CARLO GAVAZZI LTD,"Carlo Gavazzi, Inc. SPDE241201R Power Supply, Voltage 24 VDC, Current 4.2 A, Power 100.8 W, SPD100W Series",,,Caleb Page,45261,,787-1216,Switched-mode power supply; Compact; 1-phase; 24 VDC output voltage; 1.3 A output current,,,,
mvp d-tek,eax,MULTI-VOLTAGE VEHICLE LOOP DETECTOR,,,Caleb Page,45261,,na,,,,,
CRM-82T0,ELKO?,TRUE OFF DELAY time relay CRM-82TO,,,Caleb Page,45261,,na,,,,,
N25010,FERRULES DIRECT,14AWG FERRULES,,,Caleb Page,45261,,216-205,Ferrule; Sleeve for 2.08 mm² / AWG 14; insulated; electro-tin plated; yellow,,,,
TD15018,FERRULES DIRECT,TWIN WIRE 16AWG FERRULE,,,Caleb Page,45261,,216-244,"Ferrule; Sleeve for 1.5 mm² / AWG 16; insulated; electro-tin plated; electrolytic copper; gastight crimped; acc. to DIN 46228, Part 4/09.90; black",,,,
38.52.0.125.0060,FINDER,,,,Caleb Page,45261,,788-515,"Relay module; Nominal input voltage: 115 VAC; 2 changeover contacts; Limiting continuous current: 8 A; Red status indicator; Module width: 15 mm; 2,50 mm²; gray",,,,
55.34.8.024.0040,FINDER,24VAC 7A 250V,,,Caleb Page,45261,,858-390,"Relay module; Nominal input voltage: 24 VDC; 4 changeover contacts; Limiting continuous current: 6 A; with manual operation; Red status indicator; Module width: 31 mm; 1,50 mm²",,,,
55.34.8.110.0040,FINDER,,,,Caleb Page,45261,,858-390,"Relay module; Nominal input voltage: 24 VDC; 4 changeover contacts; Limiting continuous current: 6 A; with manual operation; Red status indicator; Module width: 31 mm; 1,50 mm²",,,,
58.3.8L.024.0060.SPA,FINDER,2C0-DPDT 10A 250V,,,Caleb Page,45261,,788-312,"Relay module; Nominal input voltage: 24 VDC; 2 changeover contacts; Limiting continuous current: 8 A; Red status indicator; Module width: 15 mm; 2,50 mm²; gray",,,,
P42,FINDER,TYPE 94.04 10a 300V RELAY,,,Caleb Page,45261,,788-102,Relay socket; 2 changeover contacts; for 15 mm basic relays; gray,,,,
F3S1608-BK,FMX,FERRULE,,,Caleb Page,45261,,na,,,,,
PH1000MLI,HAMMOND POWER SOLUTIONS INC,1000VA 50/60 Hz TRANSFORMER,,,Caleb Page,45261,,na,,,,,
HBL5266CA,HUBBELL,,,,Caleb Page,45261,,na,,,,,
PS5R-VG24,IDEC,24VDC 10A POWER SUPPLY,,,Caleb Page,45261,,2787-2146,Power supply; Pro 2; 1-phase; 24 VDC output voltage; 10 A output current; TopBoost + PowerBoost; communication capability,,,,
LPSC CH,Littelfuse,CLASS CC FUSE HOLDER 30A 600A,,,Caleb Page,45261,,811-411,2-conductor fuse terminal block light gray,,,,
POWR-SAFE,Littelfuse,600 30A Class CC Fuse Holder (only using 20A),,,Caleb Page,45261,,811-411,2-conductor fuse terminal block light gray,,,,
11SMX9034,LOVATO,BUS BAR,,,Caleb Page,45261,,811-473,Push-in type jumper bar; insulated; 3-way; Nominal current 63 A; light gray,,,,
11SMX9035,LOVATO,BUS BAR,,,Caleb Page,45261,,811-475,Push-in type jumper bar; insulated; 5-way; Nominal current 63 A; light gray,,,,
FB01 G 1P,LOVATO,,,,Caleb Page,45261,,811-411,2-conductor fuse terminal block light gray,,,,
FB01 G 2P,LOVATO,,,,Caleb Page,45261,,811-421,2-conductor fuse terminal block light gray,,,,
BK63HU,LS,UL489 CB,,,Caleb Page,45261,,na,,,,,
MMS-100H,LS ELECTRIC,METASOL SERIES,,,Caleb Page,45261,,na,,,,,
MMS-63H,LS ELECTRIC,METASOL SERIES,,,Caleb Page,45261,,na,,,,,
EPBAP74,MARATHON,,,,Caleb Page,45261,,na,,,,,
EPBAP84,MARATHON,,,,Caleb Page,45261,,na,,,,,
NDR-120-24,MEAN WELL,24V 5A 40mm wide,,,Caleb Page,45261,,2687-2144,Power supply; Eco 2; 1-phase; 24 VDC output voltage; 5 A output current; DC OK contact,,,,
NDR-240-240,MEAN WELL ,24V 10A POWER SUPPLY,,,Caleb Page,45261,,2687-2146,Power supply; Eco 2; 1-phase; 24 VDC output voltage; 10 A output current; DC OK contact,,,,
MDR-20-24,MEANWELL,,,,Caleb Page,45261,,2687-2142,Power supply; Eco 2; 1-phase; 24 VDC; 1.25 A output,,,,
MDR-60-24 M,MEANWELL,,,,Caleb Page,45261,,787-1212,Switched-mode power supply; Compact; 1-phase; 24 VDC output voltage; 2.5 A output current,,,,
A4J100,MERSEN,AMPTRAP FUSES,,,Caleb Page,45261,,na,,,,,
FSPDB3A,MERSEN,,,,Caleb Page,45261,,na,,,,,
B1H2D1 8,NOARK,,,,Caleb Page,45261,,na,,,,,
B1H2D30,NOARK,,,,Caleb Page,45261,,na,,,,,
UD2C9C1250AL,NVENT,DIST BLOCK,,,Caleb Page,45261,,na,,,,,
800376,PHOENIX CONTACT,,,,Caleb Page,45261,,211-503,Shrink tube; for Smart Printer; Unshrunk diameter: 6.4 mm; yellow,,,,
800397,PHOENIX CONTACT,,,,Caleb Page,45261,,211-502,Shrink tube; for Smart Printer; Unshrunk diameter: 4.8 mm; yellow,,,,
1096432,PHOENIX CONTACT,UNO2-PS / 1AC / 24DC / 240W,,,Caleb Page,45261,,2687-2146,Power supply; Eco 2; 1-phase; 24 VDC output voltage; 10 A output current; DC OK contact,,,,
1110466,PHOENIX CONTACT,POWER SUPPLY,,,Caleb Page,45261,,2687-2144,Power supply; Eco 2; 1-phase; 24 VDC output voltage; 5 A output current; DC OK contact,,,,
2404267,PHOENIX CONTACT,,,,Caleb Page,45261,,750-8000,Basic Controller 100,,,,
2700988,PHOENIX CONTACT,,,,Caleb Page,45261,,750-8000,Basic Controller 100,,,,
2891002,PHOENIX CONTACT,ETHERNET SWITCH,,,Caleb Page,45261,,852-112,"Industrial-ECO-Switch, 8Port, black
Industrial-Switch; 8-port 100Base-TX; black",,852-102,Industrial-Switch; 8-port 100Base-TX; black,
2902992,PHOENIX CONTACT,24V 2.5A POWER SUPPLY,,,Caleb Page,45261,,787-1212,Switched-mode power supply; Compact; 1-phase; 24 VDC output voltage; 2.5 A output current,,,,
2907559,PHOENIX CONTACT,"Thermomagnetic device circuit breaker, number of positions: 1, cross section: 1 mm2- 35 mm2, AWG: 18 - 2, mounting type: DIN rail: 35 mm",,,Caleb Page,45261,,na,,,,,
2907563,PHOENIX CONTACT,"Thermomagnetic device circuit breaker, UL489",,,Caleb Page,45261,,na,,,,,
2907566,PHOENIX CONTACT,"Thermomagnetic device circuit breaker, UL489",,,Caleb Page,45261,,na,,,,,
2907656,PHOENIX CONTACT,"Thermomagnetic device circuit breaker, UL489",,,Caleb Page,45261,,na,,,,,
2907659,PHOENIX CONTACT,"Thermomagnetic device circuit breaker, UL489",,,Caleb Page,45261,,na,,,,,
2910353,PHOENIX CONTACT,,,,Caleb Page,45261,,DJ,,,,,
3005948,PHOENIX CONTACT,,,,Caleb Page,45261,,2010-405,Push-in type jumper bar; insulated; 5-way; Nominal current 57 A; light gray,,,,
3022218,PHOENIX CONTACT,,,,Caleb Page,45261,,249-116,Screwless end stop; 6 mm wide; for DIN-rail 35 x 15 and 35 x 7.5; gray,,,,
3030336,PHOENIX CONTACT,,,,Caleb Page,45261,,2010-402,Push-in type jumper bar; insulated; 2-way; Nominal current 57 A; light gray,,,,
3030420,PHOENIX CONTACT,,,,Caleb Page,45261,,2006-402,Push-in type jumper bar; insulated; 2-way; Nominal current 41 A; light gray,,,,
3030873,PHOENIX CONTACT,,,,Caleb Page,45261,,2016-499,Step-down jumper; insulated; from 16/10 mm² to 10/6/4/2.5 mm²; Nominal current 57 A; light gray,,,,
3044102,PHOENIX CONTACT,,,,Caleb Page,45261,,2004-1201,"2-conductor through terminal block; 4 mm²; suitable for Ex e II applications; side and center marking; for DIN-rail 35 x 15 and 35 x 7.5; Push-in CAGE CLAMP®; 4,00 mm²; gray",,,,
3045130,PHOENIX CONTACT,,,,Caleb Page,45261,,2004-1201,"2-conductor through terminal block; 4 mm²; suitable for Ex e II applications; side and center marking; for DIN-rail 35 x 15 and 35 x 7.5; Push-in CAGE CLAMP®; 4,00 mm²; gray",,,,
3208977,PHOENIX CONTACT,,,,Caleb Page,45261,,2004-1292,End and intermediate plate; 1 mm thick; orange,,,,
3211757,PHOENIX CONTACT,,,,Caleb Page,45261,,2204-1201,"2-conductor through terminal block; with push-button; 4 mm²; with test port; side and center marking; for DIN-rail 35 x 15 and 35 x 7.5; Push-in CAGE CLAMP®; 4,00 mm²; gray",,,,
3211766,PHOENIX CONTACT,,,,Caleb Page,45261,,2206-1201,"2-conductor through terminal block; with push-button; 6 mm²; with test port; side and center marking; for DIN-rail 35 x 15 and 35 x 7.5; Push-in CAGE CLAMP®; 6,00 mm²; gray",,,,
3211771,PHOENIX CONTACT,,,,Caleb Page,45261,,2204-1301,"3-conductor through terminal block; with push-button; 4 mm²; with test port; side and center marking; for DIN-rail 35 x 15 and 35 x 7.5; Push-in CAGE CLAMP®; 4,00 mm²; gray",,,,
3212057,PHOENIX CONTACT,,,,Caleb Page,45261,,2010-1292,End and intermediate plate; 1 mm thick; orange,,,,
3212131,PHOENIX CONTACT,,,,Caleb Page,45261,,2210-1207,"2-conductor ground terminal block; 10 mm²; with test port; side and center marking; for DIN-rail 35 x 15 and 35 x 7.5; Push-in CAGE CLAMP®; 10,00 mm²; green-yellow",,,,
3273110,PHOENIX CONTACT,DIST BLOCK,,,Caleb Page,45261,,830-800/000-303,"Power distribution module, single-pole 65 Amp 745 (gray) input, to 9-position 737-103 (gray) output",,,,
5600462,PHOENIX CONTACT,EM-DUO/120/15/GFI,,,Caleb Page,45261,,8002-025/K050-0613/000-2100,"Duplex receptacle, 15A, 120VAC, to terminals (din rail mount.)",,,,
VAL-US-120/40-P,PHOENIX CONTACT,CIRCUIT PROTECTION,,,Caleb Page,45261,,DJ,,,,,
2907558,PHOENIX CONTACT,TMC 81C 01A,,,Caleb Page,45261,,na,,,,,
2907481,PHOENIX CONTACT,OR TMC 81B 04A,,,Caleb Page,45261,,na,,,,,
34342,SCHNEIDER ELECTRIC,GVAE11 PLUG IN AUX,,,Caleb Page,45261,,na,,,,,
34355,SCHNEIDER ELECTRIC,TESYS GYAN11,,,Caleb Page,45261,,na,,,,,
GVAD1010,SCHNEIDER ELECTRIC,contactor,,,Caleb Page,45261,,na,,,,,
TPRANSX1,SCHNEIDER ELECTRIC,,,,Caleb Page,45261,,na,,,,,
TPRST009,SCHNEIDER ELECTRIC,motor starter,,,Caleb Page,45261,,na,,,,,
10076551,WEG,MPW100-3-U075,,,Caleb Page,45261,,na,,,,,
BF27-2D,WEG,"WEG Electric 35mm DIN rail/panel mount adapter, for use with RW27-2D series thermal overload relays.",,,Caleb Page,45261,,na,,,,,
BIDLF,WEG,"pushbutton, amp, lights, ….",,,Caleb Page,45261,,na,,,,,
MPW40-3-U032,WEG,MOTOR CB,,,Caleb Page,45261,,na,,,,,
MPW40-3-U040,WEG,MOTOR CB,,,Caleb Page,45261,,na,,,,,
2682140000,WIEDMULLER,IE-SW-EL08-8TX V2.0,,,Caleb Page,45261,,852-112,"Industrial-ECO-Switch, 8Port, black
Industrial-Switch; 8-port 100Base-TX; black",,852-102,Industrial-Switch; 8-port 100Base-TX; black,
BBSP45-4,,BUS BAR,,,Caleb Page,45261,,811-474,Push-in type jumper bar; insulated; 4-way; Nominal current 63 A; light gray,,,,
BBSP4S-2,,bus bar,,,Caleb Page,45261,,811-472,Push-in type jumper bar; insulated; 2-way; Nominal current 63 A; light gray,,,,
bbsp4s-3,,bus bar,,,Caleb Page,45261,,811-473,Push-in type jumper bar; insulated; 3-way; Nominal current 63 A; light gray,,,,
E320373,,"UL489 CB, 240VAC 10KA ",,,Caleb Page,45261,,na,,,,,
MPW-100,,AUX SWITCH,,,Caleb Page,45261,,na,,,,,
SPD241201N,,24VDC 5A POWER SUPPLY,,,Caleb Page,45261,,2687-2144,Power supply; Eco 2; 1-phase; 24 VDC output voltage; 5 A output current; DC OK contact,,,,
STP480707M,MERSEN,SPD - Plugable STP 75 Series 480V L-L VPR 3000V L-L MCOV 1100V 75 kA 3-pole MICR  ,,,Caleb Page,45261,,na,,,,,
30-1634,Ideal,https://www.idealind.com/content/dam/electrical/assets/WireTermination/WireConnectors/PushIn/InSure/InSureModels32%2033%2034%20SpecSheet.pdf,EAU = 500k,0.05,Caleb Page,45261,,2773-404,,,773-104,,
30-1039J,Ideal,https://www.idealind.com/us/en/shop/in-surer-push-in-wire-connector-model-39-3-port-blue-jar-of-150-30-1039j.html,,,Caleb Page,45261,,773-173,,,,,
30-541,Ideal,https://www.idealind.com/us/en/shop/twisterr-wire-connector-model-341r-tan-box-of-1-000.html,,,Caleb Page,45261,,221-612,,,60473924,inline,
30-652,Ideal,https://www.idealind.com/us/en/shop/30-652.html,,,Caleb Page,45261,,221-612,,,60473924,inline,
AL1120,IFM,"IO-Link master with EtherNet/IP interface; 8 inputs/outputs (configurable); 8 DI, 4 DO; IO Link 8 DI Class A (4x2); 4 DO; EtherNet/IP",,,,,,765-4503/100-000,4-Port IO-Link Master Class A; EtherNet/IP; DC 24 V / 2.0 A; 4xM12 connection; SlimLine,,,,
AL1222,IFM,IO-Link master with EtherNet/IP interface; IO Link Master PL EIP 8P IP67,,,,,,765-4501/100-000,8-Port IO-Link Master Class A; EtherNet/IP; DC 24 V / 2.0 A; 8xM12 connection; WideLine,,765-4502/100-000,8-Port IO-Link Master Class B; EtherNet/IP; DC 24 V / 2.0 A; 8xM12 connection; WideLine,
AL1300,IFM,IO-Link master with Profinet interface; IO-Link Master DL PN 4P IP67,,,,,,765-4503/100-000,4-Port IO-Link Master Class A; EtherNet/IP; DC 24 V / 2.0 A; 4xM12 connection; SlimLine,"IP67, not IP69K",,,
AL1301,IFM,IO-Link master with Profinet interface; IO-Link Master DL PN 4P IP69K,,,,,,765-4103/100-000,4-Port IO Link Master Class A; Profinet; DIO 24V DC 2.0A; 4 x M12; connectors; SlimLine,"IP67, not IP69K",,,
AL1302,IFM,IO-Link master with Profinet interface; IO-Link Master DL PN 8P IP67,,,,,,765-4101/100-000,8-Port IO Link Master Class A; Profinet; DIO 24V DC 2.0A; 8 x M12; connectors; WideLine,,,,
AL1321,IFM,IO-Link master with EtherNet/IP interface; IO-Link Master DL EIP 4P IP69K,,,,,,765-4503/100-000,4-Port IO Link Master Class A; EIP; DIO 24V DC 2.0A; 4 x M12; connectors; SlimLine,"IP67, not IP69K",,,
AL1326,IFM,IO-Link master with EtherNet/IP interface; IO-Link Master DL EIP 8P IP67,,,,,,765-4501/100-000,8-Port IO Link Master Class A; EIP; DIO 24V DC 2.0A; 8 x M12; connectors; WideLine,,,,
AL1403,IFM,IO-Link master with Profinet interface; IO-Link Master PFL PN 8P IP69K,,,,,,765-4101/100-000,8-Port IO Link Master Class A; Profinet; DIO 24V DC 2.0A; 8 x M12; connectors; WideLine,"IP67, not IP69K",765-4102/100-000,8-Port IO Link Master Class B; Profinet; DIO 24V DC 2.0A; 8 x M12 connectors; WideLine,"IP67, not IP69K"
AL1422,IFM,IO-Link master with EtherNet/IP interface; IO-Link Master PFL EIP 8P IP67,,,,,,765-4501/100-000,8-Port IO Link Master Class A; EIP; DIO 24V DC 2.0A; 8 x M12; connectors; WideLine,,765-4502/100-000,8-Port IO Link Master Class B; EIP; DIO 24V DC 2.0A; 8 x M12 connectors; WideLine,
AL2205,IFM,IO-Link input/output module; IOL MOD SL 8XMP/DX E M12 IP69K,,,,,,765-1703/200-000,16 DIO IO Link Class A Server Hub; 24V DC 2.0A; 8 x M12 connectors; WideLine,"IP67, not IP69K",,,
AL2321,IFM,IO-Link input/output module; IOL MOD SL 8XDX/DX A M12 IP67,,,,,,765-1703/200-000,16 DIO IO Link Class A Server Hub; 24V DC 2.0A; 8 x M12 connectors; WideLine,,,,
AL2325,IFM,IO-Link input/output module; IOL MOD SL 8XDX/DX E M12 IP67,,,,,,765-1703/200-000,16 DIO IO Link Class A Server Hub; 24V DC 2.0A; 8 x M12 connectors; WideLine,,,,
AL2330,IFM,IO-Link CompactLine module; IO-Link Module 6x2 DO M12 IP67,,,,,,,,,,,
AL2341,IFM,IO-Link input module: IO-Link Module 10x2 DI M12 IP67,,,,,,765-1701/200-000,8-channel digital input/output; IO Link Class A Hub; DC 24 V / 2.0 A; 4xM12 connection; HubLine,16 configurable DI/DO ports whereas the AL2341 offers 20 fixed DI points.,,,
AL2410,IFM,IO-Link CompactLine module: IO-Link CompactLine module; IO-Link module 4 DI M8 IP 67; classA,,,,,,765-1702/200-000,8-channel digital input/output; IO Link Class A Server Hub; 8 Configurable DIO; DC 24 V / 2.0 A; 8xM8 connection; HubLine,,,,
AL2411,IFM,IO-Link CompactLine module; IO-Link module 8 DI M8 IP 67,,,,,,765-1702/200-000,8-channel digital input/output; IO Link Class A Server Hub; 8 Configurable DIO; DC 24 V / 2.0 A; 8xM8 connection; HubLine,,,,
AL1423,IFM,IO-Link master with EtherNet/IP interface; IO-Link Master PFL EIP 8P IP69K,,,,,,765-4502/100-000,8-Port IO-Link Master Class A; EtherNet/IP; DC 24 V / 2.0 A; 8xM12 connection; WideLine,16 configurable DI/DO ports whereas the AL2341 offers 20 fixed DI points.,8-Port IO-Link Master Class B; EtherNet/IP; DC 24 V / 2.0 A; 8xM12 connection; WideLine,,
1756-OBV8S,Allen Bradley,Control Logix Safety IO Module,,,,,,,,no CIP safety,,,
1756-OB16E,Allen Bradley,"16-point digital output module, with electronic protection",,,,,,750-1504,16-channel digital output; 24 VDC; 0.5 A; light gray,,750-530,8-channel digital output; 24 VDC; 0.5 A; light gray,qty 2
1756-IB16,Allen Bradley,"16-point digital input module, sinking",,,,,,750-1405,16-channel digital input; 24 VDC; 3 ms; light gray,,750-430,8-channel digital input; 24 VDC; 3 ms; light gray,qty 2
1734-OB8E,Allen Bradley,"8-point digital output module, electronic protection",,,,,,750-527,4-channel digital output; 30 VAC/VDC; 2.0 A; Solid-state; light gray,qty 2,,,
5069-OB16,Allen Bradley,"16-point digital output module, sourcing, with similar protection",,,,,,750-1504,16-channel digital output; 24 VDC; 0.5 A; light gray,,750-530,8-channel digital output; 24 VDC; 0.5 A; light gray,qty 2
5069-IB16,Allen Bradley,"16-point digital input module, sinking, matches basic input capabilities",,,,,,750-1405,16-channel digital input; 24 VDC; 3 ms; light gray,,750-430,8-channel digital input; 24 VDC; 3 ms; light gray,qty 2
5069-OB8E,Allen Bradley,"8-point digital output module, electronic protection",,,,,,750-527,4-channel digital output; 30 VAC/VDC; 2.0 A; Solid-state; light gray,qty 2,,,
1734-IB8,Allen Bradley,"8-point digital input module,",,,,,,750-430,8-channel digital input; 24 VDC; 3 ms; light gray,,,,
5069-IB8,Allen Bradley,Compact5000 DC Safety Input Module,,,,,,,,no CIP safety,,,
5069-IB8S,Allen Bradley,Compact5000 DC Safety Input Module,,,,,,,,no CIP safety,,,
5069-OB8S,Allen Bradley,Compact5000 DC Safety Output Module,,,,,,750-530 x 2 or 750-1504,,,,,
5069-OB16,Allen Bradley,"16-point digital output module, sourcing, with similar protection",,,,,,,,,,,
